"ISO3","predictor","p_value"
"AFG","birth_per_1k",1.11027783584689e-05
"AFG","migrations_per_1k",2.42223476463796e-05
"AFG","MCV1",0.00761993449812875
"AFG","MCV2",0.0331879031610772
"AFG","passengers_from_iso3_reporting_cases",0.212101435085798
"AFG","passengers_to_iso3_reporting_cases",0.0974414939696032
"AFG","mnths_since_outbreak_20_cuml_per_M",0.000152721156749779
"AFG","mnths_since_outbreak_20_per_M",0.00776512602900631
"AFG","mnths_since_SIA",0.0182857425687948
"AFG","outgoing_air_passengers",0.00758413797977644
"AFG","incoming_air_passengers",0.13437920584627
"AFG","prop_prev_rolling_12_mnths_outbreak_5M",2.00655087202468e-07
"AFG","prop_prev_rolling_24_mnths_outbreak_5M",7.75299456694688e-06
"AFG","prop_prev_rolling_60_mnths_outbreak_5M",1.90281956890532e-06
"AFG","cases_1M_12z",5.62703867458933e-08
"AFG","cases_1M_36z",2.61551363673881e-06
"AFG","cases_1M_60z",4.13685995856629e-05
"AFG","mean_temp",0.0636156134279233
"AFG","mean_precip_mm_per_day",0.00706980494296425
"ALB","birth_per_1k",0.000655802695909145
"ALB","migrations_per_1k",0.603269042475759
"ALB","MCV1",0.0406986750405543
"ALB","MCV2",0.00207383555767792
"ALB","passengers_from_iso3_reporting_cases",0.815966358043592
"ALB","passengers_to_iso3_reporting_cases",0.736393997567623
"ALB","mnths_since_outbreak_20_cuml_per_M",0.00483208295388764
"ALB","mnths_since_outbreak_20_per_M",0.000894787931938568
"ALB","mnths_since_SIA",0.000103645890204253
"ALB","outgoing_air_passengers",0.48464161351495
"ALB","incoming_air_passengers",0.458147266638905
"ALB","prop_prev_rolling_12_mnths_outbreak_5M",3.70850598182465e-07
"ALB","prop_prev_rolling_24_mnths_outbreak_5M",0.00190465377115529
"ALB","prop_prev_rolling_60_mnths_outbreak_5M",0.0681593003117255
"ALB","mean_temp",0.269452816561528
"DZA","birth_per_1k",0.908276398417951
"DZA","migrations_per_1k",0.216263690988097
"DZA","MCV1",0.113120281337575
"DZA","MCV2",0.0551634745970116
"DZA","passengers_from_iso3_reporting_cases",0.807769264222443
"DZA","passengers_to_iso3_reporting_cases",0.797098044050443
"DZA","mnths_since_SIA",0.262231215878864
"DZA","outgoing_air_passengers",0.589667500603724
"DZA","incoming_air_passengers",0.517049921823426
"DZA","prop_prev_rolling_12_mnths_outbreak_5M",0.0344879001490811
"DZA","prop_prev_rolling_24_mnths_outbreak_5M",0.267393646160921
"DZA","prop_prev_rolling_60_mnths_outbreak_5M",0.775377228246359
"DZA","cases_1M_36z",0.503738015413621
"DZA","cases_1M_60z",1
"DZA","mean_temp",0.170517962233776
"DZA","mean_precip_mm_per_day",0.80285628072848
"AGO","birth_per_1k",0.00145717855165474
"AGO","migrations_per_1k",0.00148708097415817
"AGO","MCV1",1.91522235660538e-07
"AGO","MCV2",0.00366029062379583
"AGO","passengers_from_iso3_reporting_cases",0.512850832908097
"AGO","passengers_to_iso3_reporting_cases",0.625560985531607
"AGO","mnths_since_outbreak_20_cuml_per_M",0.000114272064999774
"AGO","mnths_since_outbreak_20_per_M",0.00545137165744681
"AGO","mnths_since_SIA",0.781434474643353
"AGO","outgoing_air_passengers",0.0146575408384624
"AGO","incoming_air_passengers",0.0165858961524254
"AGO","prop_prev_rolling_12_mnths_outbreak_5M",1.81796905587526e-10
"AGO","prop_prev_rolling_24_mnths_outbreak_5M",2.13628621906483e-05
"AGO","prop_prev_rolling_60_mnths_outbreak_5M",0.0347216701959546
"AGO","cases_1M_12z",0.00055351533298437
"AGO","cases_1M_36z",0.0804786370389831
"AGO","cases_1M_60z",0.00450829077031733
"AGO","mean_temp",0.0546712619143727
"AGO","mean_precip_mm_per_day",0.0292705999594384
"ARM","birth_per_1k",6.2864852448391e-05
"ARM","migrations_per_1k",2.22058925429938e-06
"ARM","passengers_from_iso3_reporting_cases",0.0344826282555505
"ARM","passengers_to_iso3_reporting_cases",0.028318317619142
"ARM","mnths_since_outbreak_20_cuml_per_M",0.99487833447093
"ARM","mnths_since_outbreak_20_per_M",0.0342936432677654
"ARM","mnths_since_SIA",0.00434418980671317
"ARM","outgoing_air_passengers",0.965618199518367
"ARM","incoming_air_passengers",0.648959999319751
"ARM","prop_prev_rolling_12_mnths_outbreak_5M",2.96568348869249e-08
"ARM","prop_prev_rolling_24_mnths_outbreak_5M",1.19600331418201e-06
"ARM","prop_prev_rolling_60_mnths_outbreak_5M",1.1960033141819e-06
"ARM","mean_temp",0.290410296095508
"AUT","birth_per_1k",0.00269850652418332
"AUT","migrations_per_1k",0.471125004722206
"AUT","MCV1",0.229764359442763
"AUT","MCV2",0.34606376182255
"AUT","passengers_from_iso3_reporting_cases",0.948616847600423
"AUT","passengers_to_iso3_reporting_cases",0.948628667845929
"AUT","mnths_since_outbreak_20_cuml_per_M",0.144070981952241
"AUT","mnths_since_outbreak_20_per_M",0.405371567551135
"AUT","outgoing_air_passengers",0.12489958962259
"AUT","incoming_air_passengers",0.965731868876806
"AUT","prop_prev_rolling_12_mnths_outbreak_5M",0.0118767138330218
"AUT","prop_prev_rolling_24_mnths_outbreak_5M",0.101902430342348
"AUT","prop_prev_rolling_60_mnths_outbreak_5M",0.939372696481631
"AUT","cases_1M_12z",0.000175599634883322
"AUT","mean_temp",0.0727445470556079
"AZE","birth_per_1k",0.00515033498476823
"AZE","migrations_per_1k",0.267594481254942
"AZE","MCV2",0.582365527132962
"AZE","passengers_from_iso3_reporting_cases",0.83570221591277
"AZE","passengers_to_iso3_reporting_cases",0.815852953031469
"AZE","mnths_since_SIA",0.000425914378893257
"AZE","outgoing_air_passengers",0.62030904904498
"AZE","incoming_air_passengers",0.16000526170732
"AZE","prop_prev_rolling_12_mnths_outbreak_5M",0.000406822282549952
"AZE","prop_prev_rolling_24_mnths_outbreak_5M",0.00108182855647064
"AZE","prop_prev_rolling_60_mnths_outbreak_5M",0.000155449041874005
"AZE","mean_temp",0.128604566085873
"AZE","mean_precip_mm_per_day",0.377048683037806
"BHR","birth_per_1k",0.0897531685108056
"BHR","migrations_per_1k",0.0495083354489833
"BHR","passengers_from_iso3_reporting_cases",0.912043150411061
"BHR","passengers_to_iso3_reporting_cases",0.850338901504297
"BHR","mnths_since_outbreak_20_cuml_per_M",0.146693009145265
"BHR","mnths_since_SIA",0.812943823920672
"BHR","outgoing_air_passengers",0.479799207350468
"BHR","incoming_air_passengers",0.370875384187053
"BHR","prop_prev_rolling_12_mnths_outbreak_5M",0.554278635403499
"BHR","prop_prev_rolling_24_mnths_outbreak_5M",0.701194561523925
"BHR","prop_prev_rolling_60_mnths_outbreak_5M",0.439438229593722
"BHR","cases_1M_36z",0.00615896043567601
"BHR","mean_temp",0.668533169264255
"BGD","birth_per_1k",0.469275621537765
"BGD","migrations_per_1k",0.417160284975076
"BGD","passengers_from_iso3_reporting_cases",0.296261559606427
"BGD","passengers_to_iso3_reporting_cases",0.209713689914066
"BGD","mnths_since_SIA",0.717857912381522
"BGD","outgoing_air_passengers",0.792368148175446
"BGD","incoming_air_passengers",0.84995262703955
"BGD","prop_prev_rolling_12_mnths_outbreak_5M",0.99756655336132
"BGD","prop_prev_rolling_24_mnths_outbreak_5M",0.996539127442271
"BGD","prop_prev_rolling_60_mnths_outbreak_5M",0.996401019545439
"BGD","cases_1M_12z",0.178864601117517
"BGD","cases_1M_36z",0.553587401060623
"BGD","mean_temp",0.557681617212359
"BGD","mean_precip_mm_per_day",0.378293015307411
"BLR","birth_per_1k",0.00238413627542309
"BLR","migrations_per_1k",0.998559850157407
"BLR","MCV1",0.807295682559786
"BLR","MCV2",0.587950805115976
"BLR","passengers_from_iso3_reporting_cases",0.0456055751963819
"BLR","passengers_to_iso3_reporting_cases",0.0799491477315682
"BLR","mnths_since_outbreak_20_cuml_per_M",0.0950206845325128
"BLR","mnths_since_SIA",0.376780064463679
"BLR","outgoing_air_passengers",0.199101735251674
"BLR","incoming_air_passengers",0.673280190339179
"BLR","prop_prev_rolling_12_mnths_outbreak_5M",0.00146405201977752
"BLR","prop_prev_rolling_24_mnths_outbreak_5M",0.00371062336574163
"BLR","prop_prev_rolling_60_mnths_outbreak_5M",0.00640792775466221
"BLR","cases_1M_60z",0.044904664456983
"BLR","mean_temp",0.996408454678457
"BLR","mean_precip_mm_per_day",0.86309468784076
"BEL","birth_per_1k",0.043706928048501
"BEL","migrations_per_1k",0.966497228823537
"BEL","MCV2",0.244248230216247
"BEL","passengers_from_iso3_reporting_cases",0.00235647628024549
"BEL","passengers_to_iso3_reporting_cases",0.00238936117953827
"BEL","mnths_since_outbreak_20_cuml_per_M",0.390446390618731
"BEL","outgoing_air_passengers",0.389978146296505
"BEL","incoming_air_passengers",0.371975465393349
"BEL","prop_prev_rolling_12_mnths_outbreak_5M",0.213033307894486
"BEL","prop_prev_rolling_24_mnths_outbreak_5M",0.392992064996024
"BEL","prop_prev_rolling_60_mnths_outbreak_5M",0.344029102566634
"BEL","cases_1M_12z",0.000363360284720012
"BEL","cases_1M_36z",0.000661084476899419
"BEL","mean_temp",0.60733350404469
"BEL","mean_precip_mm_per_day",0.825523633637787
"BEN","birth_per_1k",0.94838157686218
"BEN","migrations_per_1k",0.0273810330483133
"BEN","MCV1",0.243194789959086
"BEN","passengers_from_iso3_reporting_cases",0.98291335535695
"BEN","passengers_to_iso3_reporting_cases",0.530904145734703
"BEN","mnths_since_outbreak_20_cuml_per_M",0.131792876411884
"BEN","mnths_since_outbreak_20_per_M",0.0433799876856186
"BEN","mnths_since_SIA",0.00237993915248871
"BEN","outgoing_air_passengers",0.476529011583314
"BEN","incoming_air_passengers",0.640290382462807
"BEN","prop_prev_rolling_12_mnths_outbreak_5M",0.00344101749873282
"BEN","prop_prev_rolling_24_mnths_outbreak_5M",0.644228498884039
"BEN","prop_prev_rolling_60_mnths_outbreak_5M",0.0953780737720362
"BEN","cases_1M_12z",0.016533003917914
"BEN","cases_1M_36z",4.74311292919616e-05
"BEN","mean_temp",0.0171390817535578
"BEN","mean_precip_mm_per_day",0.00118403803450805
"BTN","birth_per_1k",0.189404091455259
"BTN","migrations_per_1k",0.261557312995207
"BTN","MCV1",0.0961152091674726
"BTN","MCV2",0.000546922285311683
"BTN","passengers_from_iso3_reporting_cases",0.716051976874654
"BTN","passengers_to_iso3_reporting_cases",0.966504316905441
"BTN","mnths_since_outbreak_20_cuml_per_M",0.0214216866680321
"BTN","mnths_since_SIA",0.0135978580554855
"BTN","outgoing_air_passengers",0.521391504588967
"BTN","incoming_air_passengers",0.403341100144519
"BTN","prop_prev_rolling_12_mnths_outbreak_5M",0.000170234319691231
"BTN","prop_prev_rolling_24_mnths_outbreak_5M",0.0100590555180382
"BTN","prop_prev_rolling_60_mnths_outbreak_5M",0.972614898229067
"BTN","cases_1M_60z",1
"BTN","mean_temp",0.73726514866152
"BWA","birth_per_1k",0.409960701757975
"BWA","migrations_per_1k",0.846033411453118
"BWA","MCV1",0.996795117941701
"BWA","passengers_from_iso3_reporting_cases",0.274617660688187
"BWA","passengers_to_iso3_reporting_cases",0.346149439700553
"BWA","mnths_since_SIA",0.443871706617794
"BWA","outgoing_air_passengers",0.845317185598815
"BWA","incoming_air_passengers",0.366386139247183
"BWA","prop_prev_rolling_12_mnths_outbreak_5M",0.997541605695645
"BWA","prop_prev_rolling_24_mnths_outbreak_5M",0.996500285894114
"BWA","prop_prev_rolling_60_mnths_outbreak_5M",0.996347565087979
"BWA","cases_1M_36z",1
"BWA","cases_1M_60z",1
"BGR","birth_per_1k",0.000122423630131866
"BGR","migrations_per_1k",0.00746515655567321
"BGR","MCV1",0.937309800475796
"BGR","MCV2",0.1059097020555
"BGR","passengers_from_iso3_reporting_cases",0.0842038811581801
"BGR","passengers_to_iso3_reporting_cases",0.085901892443192
"BGR","mnths_since_outbreak_20_cuml_per_M",0.0774877374398428
"BGR","mnths_since_outbreak_20_per_M",0.00917472029155074
"BGR","mnths_since_SIA",0.0114866089024863
"BGR","outgoing_air_passengers",0.86859508344919
"BGR","incoming_air_passengers",0.801047611853065
"BGR","prop_prev_rolling_12_mnths_outbreak_5M",0.000790658845362706
"BGR","prop_prev_rolling_24_mnths_outbreak_5M",0.0114503934399332
"BGR","prop_prev_rolling_60_mnths_outbreak_5M",0.00804099696481528
"BGR","cases_1M_36z",0.0126256700631803
"BGR","mean_temp",0.984764817574807
"BGR","mean_precip_mm_per_day",0.57727834822104
"BFA","birth_per_1k",0.000318204979072233
"BFA","migrations_per_1k",0.82142403433442
"BFA","MCV1",0.270472483536291
"BFA","passengers_from_iso3_reporting_cases",0.754449280654121
"BFA","passengers_to_iso3_reporting_cases",0.208023752389428
"BFA","mnths_since_outbreak_20_cuml_per_M",0.0439835742509884
"BFA","mnths_since_outbreak_20_per_M",0.496099102208298
"BFA","mnths_since_SIA",0.182881694028649
"BFA","outgoing_air_passengers",0.404089705011456
"BFA","incoming_air_passengers",0.111037535187374
"BFA","prop_prev_rolling_12_mnths_outbreak_5M",0.000369041000400002
"BFA","prop_prev_rolling_24_mnths_outbreak_5M",0.00198829659675465
"BFA","prop_prev_rolling_60_mnths_outbreak_5M",0.00315122952826235
"BFA","cases_1M_12z",0.000163304379456822
"BFA","mean_temp",1.33649188956187e-05
"BFA","mean_precip_mm_per_day",0.00538455682266719
"BDI","birth_per_1k",0.000102458055372197
"BDI","migrations_per_1k",0.219106181612871
"BDI","MCV1",0.0378617256550945
"BDI","MCV2",0.0153923852979159
"BDI","passengers_from_iso3_reporting_cases",0.466146361883542
"BDI","passengers_to_iso3_reporting_cases",0.102372946845527
"BDI","mnths_since_outbreak_20_cuml_per_M",0.036908775106722
"BDI","mnths_since_SIA",0.959316372248633
"BDI","outgoing_air_passengers",0.487264080705836
"BDI","incoming_air_passengers",0.498506368468648
"BDI","prop_prev_rolling_12_mnths_outbreak_5M",5.90269920737081e-07
"BDI","prop_prev_rolling_24_mnths_outbreak_5M",0.00119013803471647
"BDI","prop_prev_rolling_60_mnths_outbreak_5M",1.24300516809729e-05
"BDI","cases_1M_36z",0.0014387260360438
"BDI","cases_1M_60z",0.00397646569979747
"BDI","mean_temp",0.0146447138049196
"KHM","birth_per_1k",0.045763553783172
"KHM","migrations_per_1k",0.0920480974593981
"KHM","MCV1",0.0807136950889443
"KHM","MCV2",0.010475963263228
"KHM","passengers_from_iso3_reporting_cases",0.00703578218874428
"KHM","passengers_to_iso3_reporting_cases",0.00686339744850263
"KHM","mnths_since_outbreak_20_cuml_per_M",0.0557110353827311
"KHM","mnths_since_SIA",0.165396195742735
"KHM","outgoing_air_passengers",0.431632666734038
"KHM","incoming_air_passengers",0.519377621818919
"KHM","prop_prev_rolling_12_mnths_outbreak_5M",0.00500701944695396
"KHM","prop_prev_rolling_24_mnths_outbreak_5M",0.129405100696095
"KHM","prop_prev_rolling_60_mnths_outbreak_5M",0.475267111034101
"KHM","cases_1M_60z",0.000386908560965012
"KHM","mean_temp",0.0344320076646968
"KHM","mean_precip_mm_per_day",0.777069869038894
"CMR","birth_per_1k",0.0617446701787375
"CMR","migrations_per_1k",0.450182793489993
"CMR","MCV1",0.0352957384117123
"CMR","MCV2",0.0100936225257008
"CMR","passengers_from_iso3_reporting_cases",0.542664115797735
"CMR","passengers_to_iso3_reporting_cases",0.798729016515833
"CMR","mnths_since_outbreak_20_cuml_per_M",0.182178189409476
"CMR","mnths_since_outbreak_20_per_M",0.248616930092405
"CMR","mnths_since_SIA",0.452516857938994
"CMR","outgoing_air_passengers",3.07598159452238e-05
"CMR","incoming_air_passengers",2.35521393302947e-05
"CMR","prop_prev_rolling_12_mnths_outbreak_5M",0.000262117964534878
"CMR","prop_prev_rolling_24_mnths_outbreak_5M",0.691143799928363
"CMR","prop_prev_rolling_60_mnths_outbreak_5M",0.0338423513268084
"CMR","cases_1M_12z",1.30099675392276e-08
"CMR","mean_temp",0.000209149633423947
"CMR","mean_precip_mm_per_day",0.00747570135205789
"CAF","birth_per_1k",0.260826362010843
"CAF","migrations_per_1k",0.187551606372849
"CAF","MCV1",0.145409249476362
"CAF","passengers_from_iso3_reporting_cases",0.440522527059869
"CAF","passengers_to_iso3_reporting_cases",0.736785832243251
"CAF","mnths_since_outbreak_20_cuml_per_M",0.0687509098722395
"CAF","mnths_since_outbreak_20_per_M",0.000157472758717785
"CAF","mnths_since_SIA",0.398828967354868
"CAF","outgoing_air_passengers",0.326795927110385
"CAF","incoming_air_passengers",0.0194732121086509
"CAF","prop_prev_rolling_12_mnths_outbreak_5M",0.00484850876709436
"CAF","prop_prev_rolling_24_mnths_outbreak_5M",0.101953904245291
"CAF","prop_prev_rolling_60_mnths_outbreak_5M",0.267076222708384
"CAF","mean_temp",0.000730136898819338
"CAF","mean_precip_mm_per_day",0.21337075830267
"TCD","birth_per_1k",0.0017177708376197
"TCD","migrations_per_1k",0.0149558984980045
"TCD","MCV1",0.189700418585951
"TCD","passengers_from_iso3_reporting_cases",0.826860897875323
"TCD","passengers_to_iso3_reporting_cases",0.68716407558311
"TCD","mnths_since_outbreak_20_cuml_per_M",0.0209582467225173
"TCD","mnths_since_outbreak_20_per_M",0.924874718833148
"TCD","mnths_since_SIA",0.316537368826473
"TCD","outgoing_air_passengers",0.0874283306079457
"TCD","incoming_air_passengers",0.0574893589019115
"TCD","prop_prev_rolling_12_mnths_outbreak_5M",0.000888250647305392
"TCD","prop_prev_rolling_24_mnths_outbreak_5M",0.0178502979208267
"TCD","prop_prev_rolling_60_mnths_outbreak_5M",0.015095328734602
"TCD","mean_temp",0.343971759628096
"TCD","mean_precip_mm_per_day",0.0160789310599581
"CHN","birth_per_1k",0.124634841064492
"CHN","migrations_per_1k",0.0643018954661311
"CHN","MCV2",0.993457701464601
"CHN","passengers_from_iso3_reporting_cases",0.792237204177483
"CHN","passengers_to_iso3_reporting_cases",0.804285683607342
"CHN","mnths_since_outbreak_20_cuml_per_M",0.140707991805718
"CHN","outgoing_air_passengers",0.451992649866764
"CHN","incoming_air_passengers",0.419402402279687
"CHN","prop_prev_rolling_12_mnths_outbreak_5M",0.0346814874491696
"CHN","prop_prev_rolling_24_mnths_outbreak_5M",0.144728278752171
"CHN","prop_prev_rolling_60_mnths_outbreak_5M",0.75393921880527
"CHN","cases_1M_12z",0.00117740933609276
"CHN","cases_1M_60z",1
"CHN","mean_temp",0.663647398606436
"CHN","mean_precip_mm_per_day",0.811526245194007
"COM","birth_per_1k",0.61847311751779
"COM","migrations_per_1k",0.388740739479477
"COM","MCV1",0.99537843768733
"COM","MCV2",1
"COM","passengers_from_iso3_reporting_cases",0.119355686022984
"COM","passengers_to_iso3_reporting_cases",0.438103633155656
"COM","mnths_since_outbreak_20_cuml_per_M",0.0843575430774467
"COM","mnths_since_outbreak_20_per_M",0.0414826404745916
"COM","mnths_since_SIA",0.350094688357229
"COM","outgoing_air_passengers",0.279338447020523
"COM","incoming_air_passengers",0.606256644741834
"COM","prop_prev_rolling_12_mnths_outbreak_5M",0.278012885418221
"COM","prop_prev_rolling_24_mnths_outbreak_5M",0.885129357415361
"COM","prop_prev_rolling_60_mnths_outbreak_5M",0.765969930214666
"COM","mean_temp",0.23693621589105
"COG","birth_per_1k",0.402884252182183
"COG","migrations_per_1k",0.39835276426256
"COG","MCV1",0.90359430859509
"COG","MCV2",0.0548531935443953
"COG","passengers_from_iso3_reporting_cases",0.52135434021178
"COG","passengers_to_iso3_reporting_cases",0.453516815379512
"COG","mnths_since_outbreak_20_cuml_per_M",0.0142880897166121
"COG","mnths_since_outbreak_20_per_M",0.305232299983319
"COG","mnths_since_SIA",0.0592873814721368
"COG","outgoing_air_passengers",0.65146481000999
"COG","incoming_air_passengers",0.76800829332207
"COG","prop_prev_rolling_12_mnths_outbreak_5M",0.162313213528177
"COG","prop_prev_rolling_24_mnths_outbreak_5M",0.22411490461732
"COG","prop_prev_rolling_60_mnths_outbreak_5M",0.0315097312243833
"COG","cases_1M_12z",0.000106980294110185
"COG","cases_1M_36z",0.00021812545388296
"COG","cases_1M_60z",0.00321926148504066
"COG","mean_temp",0.419973720656205
"COG","mean_precip_mm_per_day",0.385634076546875
"HRV","birth_per_1k",0.859275006119591
"HRV","migrations_per_1k",0.133220008856461
"HRV","MCV1",0.483403593310204
"HRV","MCV2",0.488321136384798
"HRV","passengers_from_iso3_reporting_cases",0.252660803421371
"HRV","passengers_to_iso3_reporting_cases",0.251132581079612
"HRV","outgoing_air_passengers",0.112589019341637
"HRV","incoming_air_passengers",0.132093025510146
"HRV","prop_prev_rolling_12_mnths_outbreak_5M",0.0439327826265112
"HRV","prop_prev_rolling_24_mnths_outbreak_5M",0.320592804148313
"HRV","prop_prev_rolling_60_mnths_outbreak_5M",0.46700310756182
"HRV","cases_1M_36z",1
"HRV","cases_1M_60z",1
"HRV","mean_temp",0.187718046647331
"HRV","mean_precip_mm_per_day",0.791683518268159
"CZE","birth_per_1k",0.2962161129373
"CZE","MCV1",0.00274738475220676
"CZE","MCV2",0.0772125306129247
"CZE","passengers_from_iso3_reporting_cases",0.648311763009238
"CZE","passengers_to_iso3_reporting_cases",0.630765816776165
"CZE","mnths_since_outbreak_20_cuml_per_M",0.159320571163157
"CZE","outgoing_air_passengers",0.153716243015649
"CZE","incoming_air_passengers",0.284877298317126
"CZE","prop_prev_rolling_12_mnths_outbreak_5M",0.559997840783205
"CZE","prop_prev_rolling_24_mnths_outbreak_5M",0.525604278820975
"CZE","prop_prev_rolling_60_mnths_outbreak_5M",0.389302573035449
"CZE","cases_1M_12z",0.0104538015649891
"CZE","mean_temp",0.187349420102925
"CZE","mean_precip_mm_per_day",0.191858595577009
"CIV","birth_per_1k",0.000309783209508053
"CIV","migrations_per_1k",0.0615019411829031
"CIV","MCV1",0.675848945681992
"CIV","MCV2",0.212870933452291
"CIV","passengers_from_iso3_reporting_cases",0.470063103134257
"CIV","passengers_to_iso3_reporting_cases",0.540643907157802
"CIV","mnths_since_outbreak_20_cuml_per_M",0.0742254230191986
"CIV","mnths_since_outbreak_20_per_M",0.0776800873856251
"CIV","mnths_since_SIA",0.0597762549501728
"CIV","outgoing_air_passengers",0.736474994830522
"CIV","incoming_air_passengers",0.84434426999795
"CIV","prop_prev_rolling_12_mnths_outbreak_5M",8.0397661243133e-05
"CIV","prop_prev_rolling_24_mnths_outbreak_5M",0.00166704683322862
"CIV","prop_prev_rolling_60_mnths_outbreak_5M",3.64683812445469e-05
"CIV","cases_1M_12z",0.00121500010831813
"CIV","cases_1M_36z",0.00511740186942466
"CIV","cases_1M_60z",0.00132552815391874
"CIV","mean_temp",0.134713375586518
"CIV","mean_precip_mm_per_day",0.77976921329927
"COD","birth_per_1k",0.0142377615447971
"COD","migrations_per_1k",0.000553726119519718
"COD","MCV1",0.791046564875352
"COD","passengers_from_iso3_reporting_cases",0.0141239322492494
"COD","passengers_to_iso3_reporting_cases",0.0193007321027773
"COD","mnths_since_outbreak_20_cuml_per_M",0.0223240729547822
"COD","mnths_since_outbreak_20_per_M",0.0563731589095544
"COD","mnths_since_SIA",0.949863547554447
"COD","outgoing_air_passengers",0.0991074667349329
"COD","incoming_air_passengers",0.232848090195252
"COD","prop_prev_rolling_12_mnths_outbreak_5M",0.00102078717359468
"COD","prop_prev_rolling_24_mnths_outbreak_5M",0.126328131311562
"COD","prop_prev_rolling_60_mnths_outbreak_5M",0.00882802870131697
"COD","mean_temp",0.00015333160818307
"COD","mean_precip_mm_per_day",0.183483380317262
"DJI","birth_per_1k",0.576786366939668
"DJI","migrations_per_1k",0.920169452678351
"DJI","MCV1",0.20797038841362
"DJI","MCV2",0.341388055526402
"DJI","passengers_from_iso3_reporting_cases",0.638288844632674
"DJI","passengers_to_iso3_reporting_cases",0.665669919111417
"DJI","mnths_since_outbreak_20_cuml_per_M",0.163759470798166
"DJI","mnths_since_outbreak_20_per_M",0.156643418099666
"DJI","mnths_since_SIA",0.0982835505551016
"DJI","outgoing_air_passengers",0.437533881921884
"DJI","incoming_air_passengers",0.0678910174793101
"DJI","prop_prev_rolling_12_mnths_outbreak_5M",0.762647483587695
"DJI","prop_prev_rolling_24_mnths_outbreak_5M",0.216948122605119
"DJI","prop_prev_rolling_60_mnths_outbreak_5M",0.16246482719285
"DJI","mean_temp",0.278169186280131
"EGY","birth_per_1k",0.104603655037704
"EGY","migrations_per_1k",0.000701715668337575
"EGY","MCV1",0.00266962675313323
"EGY","MCV2",0.0147600963099156
"EGY","passengers_from_iso3_reporting_cases",0.449985124089053
"EGY","passengers_to_iso3_reporting_cases",0.43650933958179
"EGY","mnths_since_SIA",0.00521048224580755
"EGY","outgoing_air_passengers",0.215389105665252
"EGY","incoming_air_passengers",0.249285521456152
"EGY","prop_prev_rolling_12_mnths_outbreak_5M",0.00208550563452428
"EGY","prop_prev_rolling_24_mnths_outbreak_5M",0.0618127165442844
"EGY","prop_prev_rolling_60_mnths_outbreak_5M",0.959217784425254
"EGY","cases_1M_12z",0.000200095263056145
"EGY","cases_1M_36z",1
"EGY","cases_1M_60z",1
"EGY","mean_temp",0.211168233578547
"EGY","mean_precip_mm_per_day",0.514445772721538
"ERI","birth_per_1k",0.189222201859283
"ERI","migrations_per_1k",0.506133988424538
"ERI","MCV1",0.1453726411994
"ERI","MCV2",0.140123616171831
"ERI","passengers_from_iso3_reporting_cases",0.037371709715678
"ERI","passengers_to_iso3_reporting_cases",0.0577568616920217
"ERI","mnths_since_outbreak_20_cuml_per_M",0.11704328393597
"ERI","mnths_since_SIA",0.0701955980797595
"ERI","outgoing_air_passengers",0.0295304960820604
"ERI","incoming_air_passengers",0.0190151040526368
"ERI","prop_prev_rolling_12_mnths_outbreak_5M",0.329297750492641
"ERI","prop_prev_rolling_24_mnths_outbreak_5M",0.877702515782557
"ERI","prop_prev_rolling_60_mnths_outbreak_5M",0.147116852072643
"ERI","cases_1M_12z",0.0894756172819626
"ERI","cases_1M_36z",0.00316850444451145
"ERI","cases_1M_60z",1
"ERI","mean_temp",0.0526232903354138
"ERI","mean_precip_mm_per_day",0.320251694410576
"EST","birth_per_1k",0.544446249995851
"EST","migrations_per_1k",0.96200728700677
"EST","MCV1",0.483624226452433
"EST","MCV2",0.820659603780529
"EST","passengers_from_iso3_reporting_cases",0.138558188771575
"EST","passengers_to_iso3_reporting_cases",0.178342593394811
"EST","mnths_since_outbreak_20_cuml_per_M",1
"EST","outgoing_air_passengers",0.935133122310086
"EST","incoming_air_passengers",0.630386192215309
"EST","prop_prev_rolling_12_mnths_outbreak_5M",0.997563224679474
"EST","prop_prev_rolling_24_mnths_outbreak_5M",0.996533980353846
"EST","prop_prev_rolling_60_mnths_outbreak_5M",0.996394162077285
"EST","cases_1M_36z",0.121474878843504
"EST","cases_1M_60z",0.0833457886747522
"EST","mean_temp",0.324431349928431
"EST","mean_precip_mm_per_day",0.76610814087732
"ETH","birth_per_1k",5.18029528488739e-07
"ETH","migrations_per_1k",0.186474386901343
"ETH","MCV1",0.0109415394657873
"ETH","MCV2",0.0333872151585278
"ETH","passengers_from_iso3_reporting_cases",0.00571832177495083
"ETH","passengers_to_iso3_reporting_cases",0.250544651718793
"ETH","mnths_since_outbreak_20_cuml_per_M",0.00049812540470745
"ETH","mnths_since_outbreak_20_per_M",0.417259269514229
"ETH","mnths_since_SIA",0.62832915161191
"ETH","outgoing_air_passengers",0.0716187400178792
"ETH","incoming_air_passengers",0.797206277020683
"ETH","prop_prev_rolling_12_mnths_outbreak_5M",6.90257651493915e-10
"ETH","prop_prev_rolling_24_mnths_outbreak_5M",2.53672283238416e-07
"ETH","prop_prev_rolling_60_mnths_outbreak_5M",0.333425477102767
"ETH","cases_1M_12z",2.12485718356248e-07
"ETH","mean_temp",0.01726441630884
"ETH","mean_precip_mm_per_day",0.00132042659576285
"FRA","birth_per_1k",0.608734980674948
"FRA","migrations_per_1k",0.494191088959905
"FRA","MCV1",0.638154861919685
"FRA","MCV2",0.151719983006502
"FRA","passengers_from_iso3_reporting_cases",0.0151995821380197
"FRA","passengers_to_iso3_reporting_cases",0.015012057282916
"FRA","mnths_since_outbreak_20_cuml_per_M",0.197368625799827
"FRA","outgoing_air_passengers",0.360176331516412
"FRA","incoming_air_passengers",0.492851842694642
"FRA","prop_prev_rolling_12_mnths_outbreak_5M",0.145515147533278
"FRA","prop_prev_rolling_24_mnths_outbreak_5M",0.0534504448573253
"FRA","prop_prev_rolling_60_mnths_outbreak_5M",0.93182210370546
"FRA","cases_1M_12z",0.00994793366247498
"FRA","cases_1M_36z",0.0160820166094595
"FRA","cases_1M_60z",0.0124473856823211
"FRA","mean_temp",0.455129330672985
"FRA","mean_precip_mm_per_day",0.94613859201958
"GAB","birth_per_1k",0.173399514425939
"GAB","migrations_per_1k",0.0800043125693849
"GAB","MCV1",0.033175921733109
"GAB","passengers_from_iso3_reporting_cases",0.042269189077843
"GAB","passengers_to_iso3_reporting_cases",0.0465877384078219
"GAB","mnths_since_outbreak_20_per_M",8.38840153770803e-07
"GAB","mnths_since_SIA",0.485192580906571
"GAB","outgoing_air_passengers",0.0743341730929173
"GAB","incoming_air_passengers",0.0528252606216795
"GAB","prop_prev_rolling_12_mnths_outbreak_5M",1.19337349945892e-08
"GAB","prop_prev_rolling_24_mnths_outbreak_5M",0.070617962292991
"GAB","prop_prev_rolling_60_mnths_outbreak_5M",0.146673494020898
"GAB","mean_temp",0.195821518082707
"GAB","mean_precip_mm_per_day",0.183390636851615
"GMB","birth_per_1k",0.773355365892652
"GMB","migrations_per_1k",0.662647715947859
"GMB","MCV1",0.417518101831508
"GMB","MCV2",0.461923000360211
"GMB","passengers_from_iso3_reporting_cases",0.316029424431031
"GMB","passengers_to_iso3_reporting_cases",0.334826399593353
"GMB","mnths_since_outbreak_20_cuml_per_M",0.831594811017268
"GMB","mnths_since_outbreak_20_per_M",0.605489348939361
"GMB","mnths_since_SIA",0.137117918769239
"GMB","outgoing_air_passengers",0.362113846203337
"GMB","incoming_air_passengers",0.143951958411466
"GMB","prop_prev_rolling_12_mnths_outbreak_5M",0.784606635359757
"GMB","prop_prev_rolling_24_mnths_outbreak_5M",0.538999956370283
"GMB","prop_prev_rolling_60_mnths_outbreak_5M",0.981575433803249
"GMB","cases_1M_12z",0.00341846784219276
"GMB","mean_temp",0.90474172447096
"GEO","birth_per_1k",0.00480847942298803
"GEO","migrations_per_1k",0.00273220614163694
"GEO","MCV1",2.55527532652308e-08
"GEO","MCV2",1.9706580276492e-08
"GEO","passengers_from_iso3_reporting_cases",0.000862412826278789
"GEO","passengers_to_iso3_reporting_cases",0.000814666623241079
"GEO","mnths_since_outbreak_20_cuml_per_M",5.06601573896929e-06
"GEO","mnths_since_outbreak_20_per_M",0.000151947086436536
"GEO","mnths_since_SIA",0.0720901661987838
"GEO","outgoing_air_passengers",0.272679034798483
"GEO","incoming_air_passengers",0.259627600849178
"GEO","prop_prev_rolling_12_mnths_outbreak_5M",3.03695521814061e-11
"GEO","prop_prev_rolling_24_mnths_outbreak_5M",0.00182652966211064
"GEO","prop_prev_rolling_60_mnths_outbreak_5M",0.369088101134478
"GEO","cases_1M_36z",0.000122259476362479
"GEO","mean_temp",0.521893995360987
"GEO","mean_precip_mm_per_day",0.397194463471261
"DEU","birth_per_1k",0.474136050602778
"DEU","migrations_per_1k",0.00350668703705544
"DEU","passengers_from_iso3_reporting_cases",0.862569930221222
"DEU","passengers_to_iso3_reporting_cases",0.854756428148932
"DEU","mnths_since_outbreak_20_cuml_per_M",0.122928378916444
"DEU","outgoing_air_passengers",0.0602548798600368
"DEU","incoming_air_passengers",0.0725581075225873
"DEU","prop_prev_rolling_12_mnths_outbreak_5M",0.111584399077999
"DEU","prop_prev_rolling_24_mnths_outbreak_5M",0.0859582229895465
"DEU","prop_prev_rolling_60_mnths_outbreak_5M",0.977445485293163
"DEU","cases_1M_12z",0.883039542780943
"DEU","cases_1M_60z",1
"DEU","mean_temp",0.162998517449728
"DEU","mean_precip_mm_per_day",0.957633948954804
"GHA","birth_per_1k",0.000166886608724229
"GHA","migrations_per_1k",0.00087401677929614
"GHA","MCV1",0.0323840815475787
"GHA","MCV2",0.124677216033566
"GHA","passengers_from_iso3_reporting_cases",0.000856517110662545
"GHA","passengers_to_iso3_reporting_cases",0.000308726462882938
"GHA","mnths_since_outbreak_20_cuml_per_M",0.0183027080550216
"GHA","mnths_since_outbreak_20_per_M",0.0598562595487573
"GHA","mnths_since_SIA",1.16482253472224e-05
"GHA","outgoing_air_passengers",0.0602658836380914
"GHA","incoming_air_passengers",0.0384158575767229
"GHA","prop_prev_rolling_12_mnths_outbreak_5M",2.68823827898834e-05
"GHA","prop_prev_rolling_24_mnths_outbreak_5M",2.72836412707921e-05
"GHA","prop_prev_rolling_60_mnths_outbreak_5M",0.00269810298741985
"GHA","cases_1M_12z",0.0195281159176149
"GHA","cases_1M_36z",1.24944980352473e-06
"GHA","cases_1M_60z",1.23231481311943e-05
"GHA","mean_temp",0.00359329632928743
"GHA","mean_precip_mm_per_day",0.752033193285131
"GRC","birth_per_1k",0.311198131528086
"GRC","migrations_per_1k",0.0115002875545115
"GRC","MCV1",0.993452891358795
"GRC","passengers_from_iso3_reporting_cases",0.844133229801978
"GRC","passengers_to_iso3_reporting_cases",0.838738047598447
"GRC","outgoing_air_passengers",0.753503039267644
"GRC","incoming_air_passengers",0.743935403642726
"GRC","prop_prev_rolling_12_mnths_outbreak_5M",0.000344963203201281
"GRC","prop_prev_rolling_24_mnths_outbreak_5M",0.0768489721375239
"GRC","prop_prev_rolling_60_mnths_outbreak_5M",0.363016163961838
"GRC","cases_1M_60z",1
"GRC","mean_temp",0.933594511450327
"GRC","mean_precip_mm_per_day",0.40164507895358
"GIN","birth_per_1k",0.0885379039639174
"GIN","migrations_per_1k",0.00833571489143493
"GIN","MCV1",0.078627396303396
"GIN","passengers_from_iso3_reporting_cases",0.442829361466054
"GIN","passengers_to_iso3_reporting_cases",0.403985004046897
"GIN","mnths_since_outbreak_20_cuml_per_M",0.295211879673432
"GIN","mnths_since_outbreak_20_per_M",0.651017115126385
"GIN","mnths_since_SIA",0.00148808794260142
"GIN","outgoing_air_passengers",0.0183305282307844
"GIN","incoming_air_passengers",0.800582603577371
"GIN","prop_prev_rolling_12_mnths_outbreak_5M",0.0231107114047546
"GIN","prop_prev_rolling_24_mnths_outbreak_5M",0.0887264908042978
"GIN","prop_prev_rolling_60_mnths_outbreak_5M",0.198312128736039
"GIN","cases_1M_12z",0.00844112638566513
"GIN","cases_1M_36z",2.30372480423371e-05
"GIN","mean_temp",0.0253223214070086
"GIN","mean_precip_mm_per_day",0.0157891391653574
"GNB","birth_per_1k",0.668523899769426
"GNB","migrations_per_1k",0.327233424580336
"GNB","MCV1",0.997485608045047
"GNB","passengers_from_iso3_reporting_cases",0.879668914902524
"GNB","passengers_to_iso3_reporting_cases",0.957080135756788
"GNB","mnths_since_outbreak_20_cuml_per_M",0.689594442311502
"GNB","mnths_since_outbreak_20_per_M",0.505723207904362
"GNB","mnths_since_SIA",0.68986153924584
"GNB","outgoing_air_passengers",0.0717145960591992
"GNB","incoming_air_passengers",0.102990084123981
"GNB","prop_prev_rolling_12_mnths_outbreak_5M",0.0757814678100108
"GNB","prop_prev_rolling_24_mnths_outbreak_5M",0.139801813549069
"GNB","prop_prev_rolling_60_mnths_outbreak_5M",0.139801813549069
"GNB","mean_temp",0.854242931920479
"ISL","birth_per_1k",0.298979887252774
"ISL","migrations_per_1k",0.14426845724139
"ISL","MCV1",0.166001501480318
"ISL","MCV2",0.774410708835578
"ISL","passengers_from_iso3_reporting_cases",0.129512411923686
"ISL","passengers_to_iso3_reporting_cases",0.234126885342555
"ISL","mnths_since_outbreak_20_cuml_per_M",1
"ISL","mnths_since_SIA",0.351618623008253
"ISL","outgoing_air_passengers",0.166318246133159
"ISL","incoming_air_passengers",0.22137929079798
"ISL","prop_prev_rolling_12_mnths_outbreak_5M",0.866309520400502
"ISL","prop_prev_rolling_24_mnths_outbreak_5M",0.435410828564051
"ISL","prop_prev_rolling_60_mnths_outbreak_5M",0.753776447250739
"ISL","mean_temp",0.173272851918301
"ISL","mean_precip_mm_per_day",0.92355481565084
"IDN","birth_per_1k",0.562019837530994
"IDN","migrations_per_1k",0.00629688478159237
"IDN","MCV1",0.315765763395227
"IDN","passengers_from_iso3_reporting_cases",0.434252039819809
"IDN","passengers_to_iso3_reporting_cases",0.456139411107099
"IDN","mnths_since_outbreak_20_cuml_per_M",0.354153026731783
"IDN","mnths_since_SIA",0.00627780542482461
"IDN","outgoing_air_passengers",0.0219465062843096
"IDN","incoming_air_passengers",0.0183358567926394
"IDN","prop_prev_rolling_12_mnths_outbreak_5M",0.00282058733555275
"IDN","prop_prev_rolling_24_mnths_outbreak_5M",0.134340590085379
"IDN","prop_prev_rolling_60_mnths_outbreak_5M",0.992220614629898
"IDN","cases_1M_12z",0.0696811681310288
"IDN","cases_1M_36z",0.0237081990877527
"IDN","mean_temp",0.263023958368313
"IDN","mean_precip_mm_per_day",0.754511932876377
"IRQ","birth_per_1k",0.00731412338116522
"IRQ","migrations_per_1k",0.0658562626132428
"IRQ","MCV1",0.392076240781035
"IRQ","MCV2",0.840738877932182
"IRQ","passengers_from_iso3_reporting_cases",0.00350985738972209
"IRQ","passengers_to_iso3_reporting_cases",0.00608570632992064
"IRQ","mnths_since_outbreak_20_cuml_per_M",0.00080788292191522
"IRQ","mnths_since_SIA",0.00260034049795535
"IRQ","outgoing_air_passengers",0.267940474916625
"IRQ","incoming_air_passengers",0.369429591413064
"IRQ","prop_prev_rolling_12_mnths_outbreak_5M",5.29107044516737e-06
"IRQ","prop_prev_rolling_24_mnths_outbreak_5M",0.0052457947920584
"IRQ","prop_prev_rolling_60_mnths_outbreak_5M",3.70875723939682e-05
"IRQ","mean_temp",0.186167545261965
"IRQ","mean_precip_mm_per_day",0.851198718697695
"IRL","birth_per_1k",0.116667550417865
"IRL","migrations_per_1k",0.60069392681093
"IRL","MCV1",0.869424508460599
"IRL","passengers_from_iso3_reporting_cases",0.062767613466322
"IRL","passengers_to_iso3_reporting_cases",0.0610963574642639
"IRL","mnths_since_outbreak_20_cuml_per_M",0.428928585202726
"IRL","mnths_since_SIA",0.0491779794259107
"IRL","outgoing_air_passengers",0.895303409742118
"IRL","incoming_air_passengers",0.426211684011402
"IRL","prop_prev_rolling_12_mnths_outbreak_5M",0.307046992650051
"IRL","prop_prev_rolling_24_mnths_outbreak_5M",0.756433146542323
"IRL","prop_prev_rolling_60_mnths_outbreak_5M",0.150074329375087
"IRL","cases_1M_12z",0.0744388238492975
"IRL","cases_1M_36z",0.0084770421313254
"IRL","mean_temp",0.113532881175005
"IRL","mean_precip_mm_per_day",0.226589636901394
"ISR","birth_per_1k",0.700043862679558
"ISR","migrations_per_1k",0.151384246773564
"ISR","MCV1",0.0712805757852999
"ISR","MCV2",0.522852742369173
"ISR","passengers_from_iso3_reporting_cases",0.228989220542239
"ISR","passengers_to_iso3_reporting_cases",0.225070745209633
"ISR","outgoing_air_passengers",0.358400264943022
"ISR","incoming_air_passengers",0.369725104582076
"ISR","prop_prev_rolling_12_mnths_outbreak_5M",0.00185595488529799
"ISR","prop_prev_rolling_24_mnths_outbreak_5M",0.445783235948638
"ISR","prop_prev_rolling_60_mnths_outbreak_5M",0.589430365904608
"ISR","cases_1M_60z",1
"ISR","mean_temp",0.978164222034031
"ITA","birth_per_1k",0.0476802303718839
"ITA","migrations_per_1k",0.263745693164899
"ITA","MCV1",0.407433702694969
"ITA","MCV2",0.12928053573921
"ITA","passengers_from_iso3_reporting_cases",0.162256248727458
"ITA","passengers_to_iso3_reporting_cases",0.17009211736658
"ITA","mnths_since_outbreak_20_cuml_per_M",0.014800531608337
"ITA","outgoing_air_passengers",0.200120694651424
"ITA","incoming_air_passengers",0.287409071282057
"ITA","prop_prev_rolling_12_mnths_outbreak_5M",0.000273908407772257
"ITA","prop_prev_rolling_24_mnths_outbreak_5M",0.087945684590595
"ITA","prop_prev_rolling_60_mnths_outbreak_5M",0.616242231294457
"ITA","cases_1M_12z",0.503982212730757
"ITA","cases_1M_36z",0.829079100649688
"ITA","cases_1M_60z",0.00247361180961701
"ITA","mean_temp",0.404626518279544
"ITA","mean_precip_mm_per_day",0.724740961936238
"KAZ","birth_per_1k",7.37193892632392e-06
"KAZ","migrations_per_1k",0.0532956832485751
"KAZ","MCV1",0.898388849533652
"KAZ","MCV2",0.351302848877706
"KAZ","passengers_from_iso3_reporting_cases",0.000175333818534165
"KAZ","passengers_to_iso3_reporting_cases",0.000204461829087041
"KAZ","mnths_since_outbreak_20_cuml_per_M",0.000234770409377439
"KAZ","mnths_since_outbreak_20_per_M",6.68912545272558e-06
"KAZ","mnths_since_SIA",0.0647291888737943
"KAZ","outgoing_air_passengers",0.0908938745253399
"KAZ","incoming_air_passengers",0.108172289211835
"KAZ","prop_prev_rolling_12_mnths_outbreak_5M",0.000203498309022707
"KAZ","prop_prev_rolling_24_mnths_outbreak_5M",0.0873588441378455
"KAZ","prop_prev_rolling_60_mnths_outbreak_5M",0.706275664215244
"KAZ","mean_temp",0.697525613685981
"KAZ","mean_precip_mm_per_day",0.103605857551506
"KEN","birth_per_1k",0.0332931699735899
"KEN","migrations_per_1k",0.312489094771726
"KEN","MCV1",0.393272045460339
"KEN","MCV2",1
"KEN","passengers_from_iso3_reporting_cases",0.344793140609657
"KEN","passengers_to_iso3_reporting_cases",0.380373716786585
"KEN","mnths_since_outbreak_20_cuml_per_M",0.676893604168261
"KEN","mnths_since_SIA",0.400089543506166
"KEN","outgoing_air_passengers",0.117202871439903
"KEN","incoming_air_passengers",0.117322640178321
"KEN","prop_prev_rolling_12_mnths_outbreak_5M",0.0624444533170062
"KEN","prop_prev_rolling_24_mnths_outbreak_5M",0.308647558843933
"KEN","prop_prev_rolling_60_mnths_outbreak_5M",0.729071625454843
"KEN","cases_1M_12z",0.01201670656011
"KEN","cases_1M_36z",0.0104967260054128
"KEN","cases_1M_60z",0.0583707432479839
"KEN","mean_temp",0.0194631095362884
"KEN","mean_precip_mm_per_day",0.668559070300282
"KGZ","birth_per_1k",0.133653415773071
"KGZ","migrations_per_1k",0.793404286769427
"KGZ","MCV1",0.0661508494505734
"KGZ","MCV2",0.0786305159227861
"KGZ","passengers_from_iso3_reporting_cases",0.00106138176623996
"KGZ","passengers_to_iso3_reporting_cases",0.000991933066270673
"KGZ","mnths_since_outbreak_20_cuml_per_M",8.13440923481877e-06
"KGZ","mnths_since_outbreak_20_per_M",2.91306145893305e-05
"KGZ","mnths_since_SIA",0.316454327044563
"KGZ","outgoing_air_passengers",0.886450656273114
"KGZ","incoming_air_passengers",0.955206818892486
"KGZ","prop_prev_rolling_12_mnths_outbreak_5M",1.31155110964445e-07
"KGZ","prop_prev_rolling_24_mnths_outbreak_5M",0.00281119152858498
"KGZ","prop_prev_rolling_60_mnths_outbreak_5M",3.80427461742711e-05
"KGZ","mean_temp",0.782664688979373
"KGZ","mean_precip_mm_per_day",0.850976117658631
"LAO","birth_per_1k",0.97704070165926
"LAO","migrations_per_1k",0.678355042733432
"LAO","MCV1",0.0384943000370255
"LAO","MCV2",0.257749661518519
"LAO","passengers_from_iso3_reporting_cases",0.00401271433215459
"LAO","passengers_to_iso3_reporting_cases",0.00356464383722918
"LAO","mnths_since_SIA",0.520473391089672
"LAO","outgoing_air_passengers",0.865914183787978
"LAO","incoming_air_passengers",0.746773492239047
"LAO","prop_prev_rolling_12_mnths_outbreak_5M",7.6718664379892e-05
"LAO","prop_prev_rolling_24_mnths_outbreak_5M",0.0352506414987757
"LAO","prop_prev_rolling_60_mnths_outbreak_5M",0.821072423096745
"LAO","mean_temp",0.586119963313075
"LAO","mean_precip_mm_per_day",0.295334293162055
"LBN","birth_per_1k",0.584075013104746
"LBN","migrations_per_1k",0.0403427647291952
"LBN","MCV2",0.387624118403291
"LBN","passengers_from_iso3_reporting_cases",0.346548060684225
"LBN","passengers_to_iso3_reporting_cases",0.465070151038369
"LBN","mnths_since_outbreak_20_cuml_per_M",0.00170967183678362
"LBN","mnths_since_outbreak_20_per_M",3.28250599563577e-05
"LBN","mnths_since_SIA",0.00342605017151289
"LBN","outgoing_air_passengers",0.11559039241485
"LBN","incoming_air_passengers",0.866465393881273
"LBN","prop_prev_rolling_12_mnths_outbreak_5M",4.95049317003779e-05
"LBN","prop_prev_rolling_24_mnths_outbreak_5M",0.684701633533464
"LBN","prop_prev_rolling_60_mnths_outbreak_5M",0.124642165158836
"LBN","cases_1M_12z",4.43574915789421e-06
"LBN","mean_temp",0.659307828361775
"LSO","migrations_per_1k",0.459433854290148
"LSO","MCV1",0.915647002326034
"LSO","MCV2",0.996175847399048
"LSO","passengers_from_iso3_reporting_cases",0.798147979575176
"LSO","passengers_to_iso3_reporting_cases",0.639274723466607
"LSO","outgoing_air_passengers",0.759021677291719
"LSO","incoming_air_passengers",0.582137212951644
"LSO","prop_prev_rolling_12_mnths_outbreak_5M",0.405269707464103
"LSO","prop_prev_rolling_24_mnths_outbreak_5M",0.738133219375424
"LSO","prop_prev_rolling_60_mnths_outbreak_5M",0.651638789937488
"LSO","cases_1M_60z",1
"LSO","mean_temp",0.333580269528227
"LSO","mean_precip_mm_per_day",0.297941073624881
"LBR","birth_per_1k",3.86212067029223e-06
"LBR","migrations_per_1k",9.53647010593632e-05
"LBR","MCV1",0.089929998728193
"LBR","MCV2",0.377878943569615
"LBR","passengers_from_iso3_reporting_cases",0.052313138936884
"LBR","passengers_to_iso3_reporting_cases",0.0070102693667437
"LBR","mnths_since_outbreak_20_per_M",0.180327610895105
"LBR","mnths_since_SIA",0.0492007760337367
"LBR","outgoing_air_passengers",0.231448128522365
"LBR","incoming_air_passengers",0.741914229730082
"LBR","prop_prev_rolling_12_mnths_outbreak_5M",1.625634092095e-05
"LBR","prop_prev_rolling_24_mnths_outbreak_5M",3.30227110248158e-05
"LBR","prop_prev_rolling_60_mnths_outbreak_5M",0.00017480593981645
"LBR","mean_temp",0.00610241032390137
"LBR","mean_precip_mm_per_day",0.622966410203821
"LTU","birth_per_1k",0.987982381473974
"LTU","migrations_per_1k",0.0209372626096136
"LTU","MCV1",0.474934090719152
"LTU","MCV2",0.00202796150710569
"LTU","passengers_from_iso3_reporting_cases",0.00209811151538454
"LTU","passengers_to_iso3_reporting_cases",0.00191282861961898
"LTU","outgoing_air_passengers",0.382040185498375
"LTU","incoming_air_passengers",0.173551913643769
"LTU","prop_prev_rolling_12_mnths_outbreak_5M",0.0106511037712276
"LTU","prop_prev_rolling_24_mnths_outbreak_5M",0.199538871207055
"LTU","prop_prev_rolling_60_mnths_outbreak_5M",0.156343714915366
"LTU","mean_temp",0.654423098854161
"LTU","mean_precip_mm_per_day",0.291981561696173
"LUX","birth_per_1k",0.0563904625306753
"LUX","migrations_per_1k",0.664010859658357
"LUX","MCV2",0.170478180953929
"LUX","passengers_from_iso3_reporting_cases",0.291368141214783
"LUX","passengers_to_iso3_reporting_cases",0.337253745506648
"LUX","outgoing_air_passengers",0.166618311131484
"LUX","incoming_air_passengers",0.203062704413071
"LUX","prop_prev_rolling_12_mnths_outbreak_5M",0.898732963627676
"LUX","prop_prev_rolling_24_mnths_outbreak_5M",0.448247344270638
"LUX","prop_prev_rolling_60_mnths_outbreak_5M",0.806308561896615
"LUX","mean_temp",0.614409322337417
"MDG","birth_per_1k",0.497514047283365
"MDG","MCV1",0.0845885819320964
"MDG","MCV2",1
"MDG","passengers_from_iso3_reporting_cases",0.184226447055777
"MDG","passengers_to_iso3_reporting_cases",0.152752121575381
"MDG","mnths_since_SIA",0.00151082848019454
"MDG","outgoing_air_passengers",0.999999999999995
"MDG","incoming_air_passengers",0.999999999999999
"MDG","prop_prev_rolling_12_mnths_outbreak_5M",3.66856799600632e-06
"MDG","prop_prev_rolling_24_mnths_outbreak_5M",0.00243698711295831
"MDG","prop_prev_rolling_60_mnths_outbreak_5M",0.577877897656759
"MDG","mean_temp",0.952532185525467
"MDG","mean_precip_mm_per_day",0.946538602587519
"MYS","birth_per_1k",0.570523522672522
"MYS","migrations_per_1k",0.263984594152875
"MYS","MCV1",0.97972209462445
"MYS","MCV2",0.0822677468459271
"MYS","passengers_from_iso3_reporting_cases",0.583610522868419
"MYS","passengers_to_iso3_reporting_cases",0.589624158610279
"MYS","mnths_since_outbreak_20_cuml_per_M",0.00340327350190614
"MYS","mnths_since_SIA",0.123892500858003
"MYS","outgoing_air_passengers",0.516450427569971
"MYS","incoming_air_passengers",0.840507245136901
"MYS","prop_prev_rolling_12_mnths_outbreak_5M",0.000663484492675317
"MYS","prop_prev_rolling_24_mnths_outbreak_5M",0.128854474901044
"MYS","prop_prev_rolling_60_mnths_outbreak_5M",0.00924279768673194
"MYS","cases_1M_12z",6.42022462800998e-05
"MYS","cases_1M_60z",0.0073907588035264
"MYS","mean_temp",0.00287016500892917
"MYS","mean_precip_mm_per_day",0.58565577670303
"MDV","birth_per_1k",0.252999779415891
"MDV","migrations_per_1k",0.723727457527805
"MDV","MCV1",0.306372980390199
"MDV","MCV2",0.167340271892885
"MDV","passengers_from_iso3_reporting_cases",0.13511915787238
"MDV","passengers_to_iso3_reporting_cases",0.121987164354537
"MDV","mnths_since_outbreak_20_cuml_per_M",0.707954321571193
"MDV","mnths_since_SIA",0.302422999964054
"MDV","outgoing_air_passengers",0.740615825773804
"MDV","incoming_air_passengers",0.816074105982381
"MDV","prop_prev_rolling_12_mnths_outbreak_5M",0.831324808827664
"MDV","prop_prev_rolling_24_mnths_outbreak_5M",0.766309727697561
"MDV","prop_prev_rolling_60_mnths_outbreak_5M",0.921335102306376
"MDV","cases_1M_60z",0.152944436701653
"MLI","birth_per_1k",0.0934537011057658
"MLI","migrations_per_1k",0.273502988627399
"MLI","MCV1",0.0575365811354581
"MLI","MCV2",0.636404135249065
"MLI","passengers_from_iso3_reporting_cases",0.044220140370424
"MLI","passengers_to_iso3_reporting_cases",0.0470438731590706
"MLI","mnths_since_outbreak_20_cuml_per_M",0.106258153159386
"MLI","mnths_since_SIA",0.017267865282682
"MLI","outgoing_air_passengers",0.0296335965924048
"MLI","incoming_air_passengers",0.405204389917795
"MLI","prop_prev_rolling_12_mnths_outbreak_5M",0.00297766851394088
"MLI","prop_prev_rolling_24_mnths_outbreak_5M",0.534158143688197
"MLI","prop_prev_rolling_60_mnths_outbreak_5M",0.450630198917188
"MLI","cases_1M_12z",0.00030335149469588
"MLI","cases_1M_36z",2.55601122984491e-05
"MLI","cases_1M_60z",0.00210076391240075
"MLI","mean_temp",0.345853119594259
"MLI","mean_precip_mm_per_day",0.0367765387353443
"MLT","birth_per_1k",0.00236261703871816
"MLT","migrations_per_1k",0.0189046739149362
"MLT","MCV1",0.377873028683048
"MLT","MCV2",0.0492957313724119
"MLT","passengers_from_iso3_reporting_cases",0.0164415441187193
"MLT","passengers_to_iso3_reporting_cases",0.0159102907719979
"MLT","mnths_since_outbreak_20_cuml_per_M",0.425234777446532
"MLT","mnths_since_outbreak_20_per_M",0.15804302575137
"MLT","outgoing_air_passengers",0.63102603175232
"MLT","incoming_air_passengers",0.358185479388309
"MLT","prop_prev_rolling_12_mnths_outbreak_5M",0.0102916724077674
"MLT","prop_prev_rolling_24_mnths_outbreak_5M",0.0145651041081268
"MLT","prop_prev_rolling_60_mnths_outbreak_5M",0.0145651041081268
"MRT","birth_per_1k",0.000485367305639663
"MRT","migrations_per_1k",0.189419517527187
"MRT","MCV1",0.635438464519639
"MRT","passengers_from_iso3_reporting_cases",0.0252813278748682
"MRT","passengers_to_iso3_reporting_cases",0.0172006632857149
"MRT","mnths_since_outbreak_20_cuml_per_M",0.628833614148999
"MRT","mnths_since_SIA",0.15950637881475
"MRT","outgoing_air_passengers",0.168830463640649
"MRT","incoming_air_passengers",0.132750568241997
"MRT","prop_prev_rolling_12_mnths_outbreak_5M",0.00250875154758405
"MRT","prop_prev_rolling_24_mnths_outbreak_5M",0.00158060417108138
"MRT","prop_prev_rolling_60_mnths_outbreak_5M",0.0021583657050146
"MRT","cases_1M_12z",0.0114270426985322
"MRT","cases_1M_36z",0.00530102244693922
"MRT","mean_temp",0.0205548272868617
"MRT","mean_precip_mm_per_day",0.775619404058393
"MNG","birth_per_1k",0.00135396215359227
"MNG","migrations_per_1k",0.0119231984055527
"MNG","MCV1",0.413294611160224
"MNG","MCV2",0.00103141598495942
"MNG","passengers_from_iso3_reporting_cases",0.473262312534933
"MNG","passengers_to_iso3_reporting_cases",0.584456097529418
"MNG","mnths_since_SIA",0.00380008322511469
"MNG","outgoing_air_passengers",0.492366890950265
"MNG","incoming_air_passengers",0.919630273771812
"MNG","prop_prev_rolling_12_mnths_outbreak_5M",2.1828968553093e-08
"MNG","prop_prev_rolling_24_mnths_outbreak_5M",0.000103670961390641
"MNG","prop_prev_rolling_60_mnths_outbreak_5M",0.637538489713799
"MNG","cases_1M_60z",1
"MNG","mean_temp",0.272010084492383
"MNG","mean_precip_mm_per_day",0.436047481819228
"MOZ","birth_per_1k",0.0813861448095715
"MOZ","migrations_per_1k",0.355619404497515
"MOZ","MCV1",0.587432538952351
"MOZ","MCV2",0.221183201906882
"MOZ","passengers_from_iso3_reporting_cases",0.18096477653304
"MOZ","passengers_to_iso3_reporting_cases",0.178178359936927
"MOZ","mnths_since_outbreak_20_cuml_per_M",0.288298336302507
"MOZ","mnths_since_SIA",0.49266835341703
"MOZ","outgoing_air_passengers",0.151604189736901
"MOZ","incoming_air_passengers",0.720363707920424
"MOZ","prop_prev_rolling_12_mnths_outbreak_5M",0.9212060007442
"MOZ","prop_prev_rolling_24_mnths_outbreak_5M",0.575802369800805
"MOZ","prop_prev_rolling_60_mnths_outbreak_5M",0.394252936597958
"MOZ","cases_1M_12z",0.0574381978300492
"MOZ","cases_1M_36z",0.00462094180913415
"MOZ","cases_1M_60z",0.0098513294918594
"MOZ","mean_temp",0.696750835163796
"MOZ","mean_precip_mm_per_day",0.448704761596629
"MMR","birth_per_1k",0.0406146558156001
"MMR","migrations_per_1k",0.00413794915234454
"MMR","MCV1",0.425622814563134
"MMR","MCV2",0.351772380806395
"MMR","passengers_from_iso3_reporting_cases",0.160055351128048
"MMR","passengers_to_iso3_reporting_cases",0.196090969503471
"MMR","mnths_since_outbreak_20_cuml_per_M",0.0244417892888947
"MMR","mnths_since_SIA",0.970291170110732
"MMR","outgoing_air_passengers",0.0180425297791962
"MMR","incoming_air_passengers",0.145217268289167
"MMR","prop_prev_rolling_12_mnths_outbreak_5M",0.0577251099911068
"MMR","prop_prev_rolling_24_mnths_outbreak_5M",0.479534387865685
"MMR","prop_prev_rolling_60_mnths_outbreak_5M",0.334839551147106
"MMR","cases_1M_12z",0.00300317460526994
"MMR","cases_1M_60z",1
"MMR","mean_temp",0.050688140841779
"MMR","mean_precip_mm_per_day",0.0165305581933549
"NAM","birth_per_1k",5.87641705462223e-06
"NAM","migrations_per_1k",0.00167641584966073
"NAM","MCV1",0.780779835404427
"NAM","MCV2",1
"NAM","passengers_from_iso3_reporting_cases",0.448012168259611
"NAM","passengers_to_iso3_reporting_cases",0.532146342002329
"NAM","mnths_since_outbreak_20_per_M",3.63489744811326e-05
"NAM","mnths_since_SIA",0.205081463727357
"NAM","outgoing_air_passengers",0.879086716939815
"NAM","incoming_air_passengers",0.917667678588779
"NAM","prop_prev_rolling_12_mnths_outbreak_5M",7.39019335970163e-11
"NAM","prop_prev_rolling_24_mnths_outbreak_5M",2.26115428408255e-08
"NAM","prop_prev_rolling_60_mnths_outbreak_5M",0.480707674000429
"NAM","cases_1M_12z",7.45814013186769e-06
"NAM","mean_temp",0.701875694355774
"NAM","mean_precip_mm_per_day",0.461575161510852
"NPL","birth_per_1k",0.346374255799059
"NPL","migrations_per_1k",0.844265226812404
"NPL","MCV1",0.377881180751456
"NPL","MCV2",0.770004693996904
"NPL","passengers_from_iso3_reporting_cases",0.632338200090707
"NPL","passengers_to_iso3_reporting_cases",0.553829695612355
"NPL","mnths_since_outbreak_20_cuml_per_M",0.385818161704797
"NPL","mnths_since_SIA",0.837854322789652
"NPL","outgoing_air_passengers",0.303594013366562
"NPL","incoming_air_passengers",0.0458745946908317
"NPL","prop_prev_rolling_12_mnths_outbreak_5M",0.839767201666495
"NPL","prop_prev_rolling_24_mnths_outbreak_5M",0.352607003629238
"NPL","prop_prev_rolling_60_mnths_outbreak_5M",0.511943219196737
"NPL","cases_1M_12z",0.00291967390672306
"NPL","mean_temp",0.0862714557095742
"NPL","mean_precip_mm_per_day",0.359932313327777
"NLD","birth_per_1k",0.0681704106444456
"NLD","migrations_per_1k",0.0456219627876117
"NLD","MCV2",0.117758659574975
"NLD","passengers_from_iso3_reporting_cases",0.553922890491344
"NLD","passengers_to_iso3_reporting_cases",0.553620117685306
"NLD","outgoing_air_passengers",0.224677270869288
"NLD","incoming_air_passengers",0.539948811074041
"NLD","prop_prev_rolling_12_mnths_outbreak_5M",0.00808442122905238
"NLD","prop_prev_rolling_24_mnths_outbreak_5M",0.173996148095535
"NLD","prop_prev_rolling_60_mnths_outbreak_5M",0.432414732249379
"NLD","cases_1M_36z",1
"NLD","cases_1M_60z",1
"NLD","mean_temp",0.293057714785321
"NZL","birth_per_1k",0.507322459776519
"NZL","migrations_per_1k",0.00214943438650524
"NZL","MCV1",0.0844607935621256
"NZL","MCV2",0.0532233868967708
"NZL","passengers_from_iso3_reporting_cases",0.0125726308245117
"NZL","passengers_to_iso3_reporting_cases",0.00929831715693682
"NZL","mnths_since_outbreak_20_cuml_per_M",0.00486068782296328
"NZL","mnths_since_outbreak_20_per_M",0.00586958836580581
"NZL","mnths_since_SIA",0.000314145252987487
"NZL","outgoing_air_passengers",0.628867266752651
"NZL","incoming_air_passengers",0.654670006363248
"NZL","prop_prev_rolling_12_mnths_outbreak_5M",0.00423234688245694
"NZL","prop_prev_rolling_24_mnths_outbreak_5M",0.179466542191795
"NZL","prop_prev_rolling_60_mnths_outbreak_5M",0.739551905827787
"NZL","mean_temp",0.28368785473606
"NZL","mean_precip_mm_per_day",0.885894453052273
"NER","birth_per_1k",0.445232284066352
"NER","migrations_per_1k",0.387966918259134
"NER","MCV1",0.407527878453406
"NER","MCV2",0.300286273791849
"NER","passengers_from_iso3_reporting_cases",7.20180223641473e-07
"NER","passengers_to_iso3_reporting_cases",1.43230097171048e-06
"NER","mnths_since_outbreak_20_cuml_per_M",0.757593335416566
"NER","mnths_since_outbreak_20_per_M",0.485137069576898
"NER","mnths_since_SIA",0.939749144499556
"NER","outgoing_air_passengers",2.72569803114443e-05
"NER","incoming_air_passengers",1.12941393331738e-05
"NER","prop_prev_rolling_12_mnths_outbreak_5M",0.255833064706534
"NER","prop_prev_rolling_24_mnths_outbreak_5M",0.65225837812057
"NER","prop_prev_rolling_60_mnths_outbreak_5M",0.622601439510623
"NER","cases_1M_12z",1.57384800448719e-07
"NER","mean_temp",0.585398919551301
"NER","mean_precip_mm_per_day",0.000535730276132982
"NGA","birth_per_1k",0.784619569603677
"NGA","migrations_per_1k",0.686587531747489
"NGA","MCV1",0.908706835271214
"NGA","MCV2",0.22823172804229
"NGA","passengers_from_iso3_reporting_cases",0.738863808874324
"NGA","passengers_to_iso3_reporting_cases",0.204395790889059
"NGA","mnths_since_outbreak_20_cuml_per_M",0.00162924253834891
"NGA","mnths_since_outbreak_20_per_M",0.000215460722787313
"NGA","mnths_since_SIA",0.1085973817232
"NGA","outgoing_air_passengers",2.83021964641989e-10
"NGA","incoming_air_passengers",7.7091255201229e-05
"NGA","prop_prev_rolling_12_mnths_outbreak_5M",0.315567611954192
"NGA","prop_prev_rolling_24_mnths_outbreak_5M",0.945138475506453
"NGA","prop_prev_rolling_60_mnths_outbreak_5M",0.963111818910315
"NGA","mean_temp",2.70468892166605e-08
"NGA","mean_precip_mm_per_day",7.431096683543e-05
"MKD","birth_per_1k",0.917785318368965
"MKD","migrations_per_1k",0.0283000772515667
"MKD","MCV1",0.569691867444608
"MKD","MCV2",0.102130263152311
"MKD","passengers_from_iso3_reporting_cases",0.003208890702754
"MKD","passengers_to_iso3_reporting_cases",0.00314392055552178
"MKD","mnths_since_outbreak_20_cuml_per_M",0.0082948472904897
"MKD","mnths_since_outbreak_20_per_M",0.00532991370471306
"MKD","outgoing_air_passengers",0.898295385178697
"MKD","incoming_air_passengers",0.385492057938374
"MKD","prop_prev_rolling_12_mnths_outbreak_5M",0.00214954496544993
"MKD","prop_prev_rolling_24_mnths_outbreak_5M",0.124971084949372
"MKD","prop_prev_rolling_60_mnths_outbreak_5M",0.347513602503374
"MKD","cases_1M_36z",0.00949249732574579
"MKD","mean_temp",0.737354501984074
"MKD","mean_precip_mm_per_day",0.28233837952271
"OMN","birth_per_1k",0.182715282585218
"OMN","migrations_per_1k",0.944207066854355
"OMN","MCV1",0.995836674731826
"OMN","MCV2",0.994072506920087
"OMN","passengers_from_iso3_reporting_cases",0.847558684878354
"OMN","passengers_to_iso3_reporting_cases",0.970350104732592
"OMN","outgoing_air_passengers",0.46052599679362
"OMN","incoming_air_passengers",0.970452981982157
"OMN","prop_prev_rolling_12_mnths_outbreak_5M",0.0393998641951551
"OMN","prop_prev_rolling_24_mnths_outbreak_5M",0.225934439025175
"OMN","prop_prev_rolling_60_mnths_outbreak_5M",0.958952235716911
"OMN","cases_1M_12z",0.0235090163474318
"OMN","cases_1M_60z",1
"OMN","mean_temp",0.397154194632463
"PAK","birth_per_1k",0.000395867746685474
"PAK","migrations_per_1k",0.024498829931535
"PAK","MCV1",0.36070745902844
"PAK","MCV2",0.515438145548137
"PAK","passengers_from_iso3_reporting_cases",0.206421175861389
"PAK","passengers_to_iso3_reporting_cases",0.309260135110768
"PAK","mnths_since_outbreak_20_cuml_per_M",0.00327333684038951
"PAK","mnths_since_outbreak_20_per_M",0.197933454311136
"PAK","mnths_since_SIA",0.387492410086166
"PAK","outgoing_air_passengers",0.114545439095188
"PAK","incoming_air_passengers",0.113320100697601
"PAK","prop_prev_rolling_12_mnths_outbreak_5M",0.000124436092964868
"PAK","prop_prev_rolling_24_mnths_outbreak_5M",0.013582501514167
"PAK","prop_prev_rolling_60_mnths_outbreak_5M",0.00884040333504812
"PAK","cases_1M_12z",0.00158078489466048
"PAK","cases_1M_36z",3.7704653574108e-06
"PAK","mean_temp",0.916818431426955
"PAK","mean_precip_mm_per_day",0.727813399217718
"PNG","birth_per_1k",0.0314817362289262
"PNG","migrations_per_1k",0.0488246917149528
"PNG","MCV1",0.0301833319922452
"PNG","MCV2",1
"PNG","passengers_from_iso3_reporting_cases",0.273961478845078
"PNG","passengers_to_iso3_reporting_cases",0.15837477856336
"PNG","mnths_since_SIA",0.0129766866115176
"PNG","outgoing_air_passengers",0.889587402437236
"PNG","incoming_air_passengers",0.477329687069955
"PNG","prop_prev_rolling_12_mnths_outbreak_5M",0.0106112511355996
"PNG","prop_prev_rolling_24_mnths_outbreak_5M",0.151697346075074
"PNG","prop_prev_rolling_60_mnths_outbreak_5M",0.743092386871705
"PNG","cases_1M_36z",1
"PNG","cases_1M_60z",1
"PNG","mean_temp",0.0899010313616061
"PNG","mean_precip_mm_per_day",0.808254687357126
"PHL","birth_per_1k",0.423957663304654
"PHL","migrations_per_1k",0.0329607683171271
"PHL","MCV1",0.140948623587984
"PHL","MCV2",0.000793342661048423
"PHL","passengers_from_iso3_reporting_cases",1.06185382637596e-05
"PHL","passengers_to_iso3_reporting_cases",6.59398566068718e-06
"PHL","mnths_since_outbreak_20_cuml_per_M",0.00501651146145748
"PHL","mnths_since_outbreak_20_per_M",1.61618397805582e-07
"PHL","mnths_since_SIA",0.00179837066160951
"PHL","outgoing_air_passengers",0.403232306862826
"PHL","incoming_air_passengers",0.379839418835263
"PHL","prop_prev_rolling_12_mnths_outbreak_5M",7.48720329031905e-11
"PHL","prop_prev_rolling_24_mnths_outbreak_5M",0.000129545039641532
"PHL","prop_prev_rolling_60_mnths_outbreak_5M",0.530517608070574
"PHL","cases_1M_12z",2.2523665631915e-05
"PHL","cases_1M_36z",0.00325372743936751
"PHL","mean_temp",0.451243101312524
"PHL","mean_precip_mm_per_day",0.0089248290932392
"POL","MCV1",0.995355889806933
"POL","MCV2",0.995355889633414
"POL","passengers_from_iso3_reporting_cases",0.158425085417145
"POL","passengers_to_iso3_reporting_cases",0.160627313774009
"POL","outgoing_air_passengers",0.299600553942304
"POL","incoming_air_passengers",0.456237628933483
"POL","prop_prev_rolling_12_mnths_outbreak_5M",1
"POL","cases_1M_12z",1
"POL","cases_1M_36z",1
"POL","cases_1M_60z",1
"POL","mean_temp",0.480142973216066
"POL","mean_precip_mm_per_day",0.375218926947707
"QAT","birth_per_1k",0.000157109235629641
"QAT","migrations_per_1k",0.0646677687233419
"QAT","MCV1",0.0499970112689377
"QAT","MCV2",0.0521625819952596
"QAT","passengers_from_iso3_reporting_cases",0.0189419937684839
"QAT","passengers_to_iso3_reporting_cases",0.0240216825145477
"QAT","mnths_since_outbreak_20_cuml_per_M",0.0443922365745415
"QAT","mnths_since_SIA",0.0864098850303984
"QAT","outgoing_air_passengers",0.783850211828395
"QAT","incoming_air_passengers",0.254344696735108
"QAT","prop_prev_rolling_12_mnths_outbreak_5M",0.00126624784910014
"QAT","prop_prev_rolling_24_mnths_outbreak_5M",0.110137531136309
"QAT","prop_prev_rolling_60_mnths_outbreak_5M",0.366567224136944
"QAT","cases_1M_12z",0.000369788633823828
"QAT","cases_1M_36z",0.20601040606531
"QAT","mean_temp",0.59704239785908
"MDA","birth_per_1k",0.0872816989100376
"MDA","migrations_per_1k",0.752441533504508
"MDA","MCV1",0.0330777208656285
"MDA","MCV2",0.0231012133149767
"MDA","mnths_since_outbreak_20_cuml_per_M",0.220586147902576
"MDA","mnths_since_outbreak_20_per_M",0.172560510879169
"MDA","prop_prev_rolling_12_mnths_outbreak_5M",0.00882610852069611
"MDA","prop_prev_rolling_24_mnths_outbreak_5M",0.154428614172616
"MDA","prop_prev_rolling_60_mnths_outbreak_5M",0.429991580604466
"MDA","cases_1M_36z",0.0801221206603732
"MDA","mean_temp",0.0923430165238238
"MDA","mean_precip_mm_per_day",0.373971919810386
"ROU","birth_per_1k",0.0501497567743189
"ROU","migrations_per_1k",0.0720259463837207
"ROU","MCV1",0.00754065618283275
"ROU","MCV2",0.586542853668973
"ROU","passengers_from_iso3_reporting_cases",7.7877565400557e-06
"ROU","passengers_to_iso3_reporting_cases",7.00911173812557e-06
"ROU","mnths_since_outbreak_20_cuml_per_M",6.71292741450956e-05
"ROU","mnths_since_outbreak_20_per_M",2.52185607526078e-09
"ROU","mnths_since_SIA",1.2471791560052e-06
"ROU","outgoing_air_passengers",0.67879619960077
"ROU","incoming_air_passengers",0.911598150976444
"ROU","prop_prev_rolling_12_mnths_outbreak_5M",2.29999152730913e-07
"ROU","prop_prev_rolling_24_mnths_outbreak_5M",0.764929465690165
"ROU","prop_prev_rolling_60_mnths_outbreak_5M",0.768942109407428
"ROU","mean_temp",0.795234114973861
"ROU","mean_precip_mm_per_day",0.836356009701392
"RUS","birth_per_1k",0.00061583625986533
"RUS","migrations_per_1k",2.28098039793532e-08
"RUS","MCV1",0.995477866838857
"RUS","MCV2",0.996334995186322
"RUS","passengers_from_iso3_reporting_cases",0.000169357998240113
"RUS","passengers_to_iso3_reporting_cases",0.000202775871384056
"RUS","mnths_since_outbreak_20_cuml_per_M",0.00318064281450647
"RUS","mnths_since_SIA",0.00226302915408664
"RUS","outgoing_air_passengers",0.987133066114198
"RUS","incoming_air_passengers",0.98620083001633
"RUS","prop_prev_rolling_12_mnths_outbreak_5M",1.07040130328336e-07
"RUS","prop_prev_rolling_24_mnths_outbreak_5M",4.7305779517416e-06
"RUS","prop_prev_rolling_60_mnths_outbreak_5M",1.10924851482284e-05
"RUS","cases_1M_12z",2.3538766243898e-05
"RUS","cases_1M_36z",0.000116175542934326
"RUS","mean_temp",0.970948869531883
"RUS","mean_precip_mm_per_day",0.584021951977356
"SAU","birth_per_1k",0.139364992645839
"SAU","migrations_per_1k",0.240229440016617
"SAU","MCV1",0.0687188653318454
"SAU","MCV2",0.248082090519574
"SAU","passengers_from_iso3_reporting_cases",0.520135642325279
"SAU","passengers_to_iso3_reporting_cases",0.294564440471777
"SAU","mnths_since_outbreak_20_cuml_per_M",0.110782212881445
"SAU","mnths_since_SIA",0.122605752349845
"SAU","outgoing_air_passengers",0.626635847381916
"SAU","incoming_air_passengers",0.189710179234904
"SAU","prop_prev_rolling_12_mnths_outbreak_5M",0.00232882024994485
"SAU","prop_prev_rolling_24_mnths_outbreak_5M",0.090508311222273
"SAU","prop_prev_rolling_60_mnths_outbreak_5M",0.0190994259745285
"SAU","cases_1M_12z",0.00052471279051954
"SAU","cases_1M_36z",6.89593717213482e-05
"SAU","cases_1M_60z",0.00021338186273513
"SAU","mean_temp",0.765996069258379
"SAU","mean_precip_mm_per_day",0.101179895065137
"SEN","birth_per_1k",0.150451457227221
"SEN","migrations_per_1k",0.104743872113011
"SEN","MCV1",0.555174844480832
"SEN","MCV2",0.438260407520734
"SEN","passengers_from_iso3_reporting_cases",0.0717214006725038
"SEN","passengers_to_iso3_reporting_cases",0.0521479693752318
"SEN","mnths_since_outbreak_20_cuml_per_M",0.0137610753899156
"SEN","mnths_since_SIA",0.825524562976114
"SEN","outgoing_air_passengers",0.277437854669591
"SEN","incoming_air_passengers",0.838406143751966
"SEN","prop_prev_rolling_12_mnths_outbreak_5M",0.176236194691791
"SEN","prop_prev_rolling_24_mnths_outbreak_5M",0.199948259289232
"SEN","prop_prev_rolling_60_mnths_outbreak_5M",0.0648727265515543
"SEN","cases_1M_12z",0.0964434790744039
"SEN","cases_1M_36z",0.0165586913197837
"SEN","cases_1M_60z",0.00127223331469972
"SEN","mean_temp",0.892211965029576
"SRB","birth_per_1k",0.185676068746623
"SRB","migrations_per_1k",0.121752472952932
"SRB","MCV1",0.000220015056930711
"SRB","MCV2",0.638180126354102
"SRB","passengers_from_iso3_reporting_cases",0.000773627448582781
"SRB","passengers_to_iso3_reporting_cases",0.000816221553465774
"SRB","mnths_since_outbreak_20_per_M",0.0622936163732563
"SRB","outgoing_air_passengers",0.593314484778738
"SRB","incoming_air_passengers",0.947619532192357
"SRB","prop_prev_rolling_12_mnths_outbreak_5M",0.00139663409045612
"SRB","prop_prev_rolling_24_mnths_outbreak_5M",0.534899905520921
"SRB","prop_prev_rolling_60_mnths_outbreak_5M",0.175048799268283
"SRB","mean_temp",0.892286914424561
"SRB","mean_precip_mm_per_day",0.845730256625503
"SLE","birth_per_1k",0.530853999042498
"SLE","MCV1",0.924522049289314
"SLE","passengers_from_iso3_reporting_cases",0.651410558796641
"SLE","passengers_to_iso3_reporting_cases",0.862700790177372
"SLE","mnths_since_SIA",0.209193689864791
"SLE","outgoing_air_passengers",0.330607558140704
"SLE","incoming_air_passengers",0.68821630787079
"SLE","prop_prev_rolling_12_mnths_outbreak_5M",0.165538091284556
"SLE","prop_prev_rolling_24_mnths_outbreak_5M",0.48840090361119
"SLE","prop_prev_rolling_60_mnths_outbreak_5M",0.677260387525111
"SLE","cases_1M_12z",0.00744115833192673
"SLE","cases_1M_36z",1
"SLE","cases_1M_60z",1
"SLE","mean_temp",0.132477722979519
"SGP","birth_per_1k",0.310075857139436
"SGP","migrations_per_1k",0.960072248485184
"SGP","MCV1",0.371906993104517
"SGP","MCV2",0.197998490775051
"SGP","passengers_from_iso3_reporting_cases",0.716276989924804
"SGP","passengers_to_iso3_reporting_cases",0.771352555130086
"SGP","mnths_since_outbreak_20_cuml_per_M",0.418101728447974
"SGP","outgoing_air_passengers",0.219899678724249
"SGP","incoming_air_passengers",0.216602114278393
"SGP","prop_prev_rolling_12_mnths_outbreak_5M",0.799372519286997
"SGP","prop_prev_rolling_24_mnths_outbreak_5M",0.296976273064026
"SGP","prop_prev_rolling_60_mnths_outbreak_5M",0.231130316765682
"SGP","cases_1M_12z",0.00500115470675207
"SVK","birth_per_1k",0.248847939558365
"SVK","migrations_per_1k",0.933397712223985
"SVK","MCV1",0.315978553920952
"SVK","MCV2",0.279352367659018
"SVK","passengers_from_iso3_reporting_cases",0.00481037843895103
"SVK","passengers_to_iso3_reporting_cases",0.00500964533644984
"SVK","mnths_since_outbreak_20_cuml_per_M",0.0744656216476882
"SVK","mnths_since_outbreak_20_per_M",0.00670287971521413
"SVK","outgoing_air_passengers",0.583093627164157
"SVK","incoming_air_passengers",0.695869858811175
"SVK","prop_prev_rolling_12_mnths_outbreak_5M",9.44356693058637e-05
"SVK","prop_prev_rolling_24_mnths_outbreak_5M",0.025342860615146
"SVK","prop_prev_rolling_60_mnths_outbreak_5M",0.403911028536139
"SVK","mean_temp",0.868998435581568
"SVK","mean_precip_mm_per_day",0.682282917449934
"SVN","birth_per_1k",0.85701675960623
"SVN","migrations_per_1k",0.778771340888631
"SVN","MCV1",0.437842742018054
"SVN","MCV2",0.482368537655248
"SVN","passengers_from_iso3_reporting_cases",0.76261946743657
"SVN","passengers_to_iso3_reporting_cases",0.718842729793165
"SVN","outgoing_air_passengers",0.684486583625506
"SVN","incoming_air_passengers",0.29964109552956
"SVN","prop_prev_rolling_12_mnths_outbreak_5M",0.985677674647689
"SVN","prop_prev_rolling_24_mnths_outbreak_5M",0.627509266580843
"SVN","prop_prev_rolling_60_mnths_outbreak_5M",0.592779222973769
"SVN","mean_temp",0.166648655878371
"SVN","mean_precip_mm_per_day",0.469606138398779
"SOM","birth_per_1k",1.49930101685119e-09
"SOM","migrations_per_1k",0.0113431882889962
"SOM","MCV2",1
"SOM","passengers_from_iso3_reporting_cases",0.119387050394446
"SOM","passengers_to_iso3_reporting_cases",0.173640277098911
"SOM","mnths_since_outbreak_20_cuml_per_M",0.00580122299051198
"SOM","mnths_since_outbreak_20_per_M",0.00517128669579657
"SOM","mnths_since_SIA",0.00127237116324989
"SOM","outgoing_air_passengers",0.336893364066521
"SOM","incoming_air_passengers",0.269806818544577
"SOM","prop_prev_rolling_12_mnths_outbreak_5M",1.95839447686959e-12
"SOM","prop_prev_rolling_24_mnths_outbreak_5M",5.47900133648601e-11
"SOM","prop_prev_rolling_60_mnths_outbreak_5M",6.6822394475092e-09
"SOM","mean_temp",0.128297250606886
"SOM","mean_precip_mm_per_day",0.203127288363893
"SSD","birth_per_1k",0.585741112665612
"SSD","migrations_per_1k",0.0906627600480767
"SSD","MCV1",0.098367402759341
"SSD","passengers_from_iso3_reporting_cases",5.95315757135614e-06
"SSD","passengers_to_iso3_reporting_cases",2.86298058017537e-05
"SSD","mnths_since_outbreak_20_cuml_per_M",0.066851318190149
"SSD","mnths_since_outbreak_20_per_M",0.00112797951642794
"SSD","mnths_since_SIA",0.171223662681372
"SSD","outgoing_air_passengers",1.75706854982143e-05
"SSD","incoming_air_passengers",4.46627857342297e-06
"SSD","prop_prev_rolling_12_mnths_outbreak_5M",0.9226080310863
"SSD","prop_prev_rolling_24_mnths_outbreak_5M",0.750808234518253
"SSD","prop_prev_rolling_60_mnths_outbreak_5M",0.353141943655647
"SSD","mean_temp",2.58165321446983e-05
"SSD","mean_precip_mm_per_day",0.00303399629469857
"ESP","migrations_per_1k",0.119954179342038
"ESP","MCV1",0.597735132599849
"ESP","passengers_from_iso3_reporting_cases",0.413365244510339
"ESP","passengers_to_iso3_reporting_cases",0.414479773864552
"ESP","outgoing_air_passengers",0.0754215379709365
"ESP","incoming_air_passengers",0.167960509195065
"ESP","prop_prev_rolling_12_mnths_outbreak_5M",0.405269707464121
"ESP","prop_prev_rolling_24_mnths_outbreak_5M",0.738133219375446
"ESP","prop_prev_rolling_60_mnths_outbreak_5M",0.6516387899375
"ESP","cases_1M_60z",1
"ESP","mean_temp",0.208913852680984
"ESP","mean_precip_mm_per_day",0.230032921015514
"LKA","birth_per_1k",2.86307615505053e-06
"LKA","migrations_per_1k",0.000178282618235761
"LKA","MCV1",0.988438250681789
"LKA","passengers_from_iso3_reporting_cases",0.278213413060776
"LKA","passengers_to_iso3_reporting_cases",0.227379123249082
"LKA","mnths_since_outbreak_20_cuml_per_M",9.18486569891023e-05
"LKA","mnths_since_outbreak_20_per_M",7.61189334518303e-07
"LKA","mnths_since_SIA",0.00027207676966162
"LKA","outgoing_air_passengers",0.490153497808897
"LKA","incoming_air_passengers",0.495559968311872
"LKA","prop_prev_rolling_12_mnths_outbreak_5M",3.97089108837818e-10
"LKA","prop_prev_rolling_24_mnths_outbreak_5M",2.01352127226932e-07
"LKA","prop_prev_rolling_60_mnths_outbreak_5M",0.732809654180382
"LKA","mean_temp",0.170887779294668
"LKA","mean_precip_mm_per_day",0.940557884425716
"SDN","birth_per_1k",5.6713648243919e-05
"SDN","migrations_per_1k",0.153571771999168
"SDN","MCV1",0.259753458700638
"SDN","MCV2",0.00173242776624556
"SDN","passengers_from_iso3_reporting_cases",0.000990406091550788
"SDN","passengers_to_iso3_reporting_cases",0.0010720654250711
"SDN","mnths_since_outbreak_20_cuml_per_M",0.00863022013450186
"SDN","mnths_since_outbreak_20_per_M",0.944524150463203
"SDN","mnths_since_SIA",0.642769237904901
"SDN","outgoing_air_passengers",0.00545383506819068
"SDN","incoming_air_passengers",0.00415604380842603
"SDN","prop_prev_rolling_12_mnths_outbreak_5M",0.000234578407477233
"SDN","prop_prev_rolling_24_mnths_outbreak_5M",0.156539142132034
"SDN","prop_prev_rolling_60_mnths_outbreak_5M",0.00137033813481029
"SDN","cases_1M_12z",8.81774683992559e-07
"SDN","mean_temp",0.799839629212619
"SDN","mean_precip_mm_per_day",0.0136566551869706
"CHE","birth_per_1k",0.839955176213569
"CHE","migrations_per_1k",0.962145276024998
"CHE","MCV1",0.391550300472239
"CHE","MCV2",0.426553305793824
"CHE","passengers_from_iso3_reporting_cases",0.0779759685896983
"CHE","passengers_to_iso3_reporting_cases",0.0779607334476756
"CHE","mnths_since_outbreak_20_cuml_per_M",0.24512653579404
"CHE","outgoing_air_passengers",0.529301608630949
"CHE","incoming_air_passengers",0.242527900923692
"CHE","prop_prev_rolling_12_mnths_outbreak_5M",0.309522167678636
"CHE","prop_prev_rolling_24_mnths_outbreak_5M",0.959724350421853
"CHE","prop_prev_rolling_60_mnths_outbreak_5M",0.0393903231817425
"CHE","cases_1M_36z",0.0458586474431944
"CHE","mean_temp",0.845034556999342
"CHE","mean_precip_mm_per_day",0.373377196596653
"SYR","birth_per_1k",0.936236220102664
"SYR","migrations_per_1k",0.386766591775273
"SYR","MCV1",0.443325836266573
"SYR","MCV2",0.156970614839065
"SYR","passengers_from_iso3_reporting_cases",0.229607475053467
"SYR","passengers_to_iso3_reporting_cases",0.376759312815188
"SYR","mnths_since_outbreak_20_cuml_per_M",0.901213187050271
"SYR","mnths_since_SIA",0.121926378987232
"SYR","outgoing_air_passengers",0.823517067084264
"SYR","incoming_air_passengers",0.676733326531008
"SYR","prop_prev_rolling_12_mnths_outbreak_5M",0.460445533995006
"SYR","prop_prev_rolling_24_mnths_outbreak_5M",0.451222055021552
"SYR","prop_prev_rolling_60_mnths_outbreak_5M",0.200309634943554
"SYR","cases_1M_12z",0.00195935448604617
"SYR","cases_1M_36z",0.000564985203016577
"SYR","cases_1M_60z",0.0288746794389627
"SYR","mean_temp",0.750062188588932
"SYR","mean_precip_mm_per_day",0.8873394818819
"THA","birth_per_1k",0.0716806055424844
"THA","migrations_per_1k",0.00552294429334313
"THA","MCV1",0.00471156086352995
"THA","MCV2",0.00470186957194134
"THA","passengers_from_iso3_reporting_cases",0.0014827866840026
"THA","passengers_to_iso3_reporting_cases",0.0019184406217782
"THA","mnths_since_outbreak_20_cuml_per_M",0.00313519954396024
"THA","mnths_since_outbreak_20_per_M",1
"THA","mnths_since_SIA",0.0247793415765219
"THA","outgoing_air_passengers",0.527858352767366
"THA","incoming_air_passengers",0.628311325917477
"THA","prop_prev_rolling_12_mnths_outbreak_5M",2.01364436946926e-06
"THA","prop_prev_rolling_24_mnths_outbreak_5M",0.0177298129297493
"THA","prop_prev_rolling_60_mnths_outbreak_5M",0.35342000281685
"THA","cases_1M_12z",0.00770223293600286
"THA","cases_1M_60z",1.14339602314588e-05
"THA","mean_temp",0.864302753079876
"THA","mean_precip_mm_per_day",0.612994722236832
"TLS","birth_per_1k",0.232723435759912
"TLS","migrations_per_1k",0.215200356975165
"TLS","MCV1",0.157765140428934
"TLS","MCV2",0.749128120609421
"TLS","passengers_from_iso3_reporting_cases",0.294392381694333
"TLS","passengers_to_iso3_reporting_cases",0.107412070451845
"TLS","mnths_since_outbreak_20_cuml_per_M",0.353445959509962
"TLS","mnths_since_outbreak_20_per_M",0.0652258329378338
"TLS","mnths_since_SIA",0.791119779317189
"TLS","outgoing_air_passengers",0.525661330290166
"TLS","incoming_air_passengers",0.660665339947442
"TLS","prop_prev_rolling_12_mnths_outbreak_5M",0.981356394335442
"TLS","prop_prev_rolling_24_mnths_outbreak_5M",0.469511436378682
"TLS","prop_prev_rolling_60_mnths_outbreak_5M",0.503451332300049
"TLS","cases_1M_12z",0.00794110357912892
"TLS","cases_1M_36z",0.0275379202259987
"TLS","cases_1M_60z",0.00625918073810423
"TLS","mean_temp",0.0219598155628945
"TLS","mean_precip_mm_per_day",0.105192072253311
"TGO","birth_per_1k",0.0534916020280825
"TGO","migrations_per_1k",0.292933866222662
"TGO","MCV1",0.219825635019602
"TGO","passengers_from_iso3_reporting_cases",0.120701561693857
"TGO","passengers_to_iso3_reporting_cases",0.118654480395408
"TGO","mnths_since_outbreak_20_cuml_per_M",0.0127703899071603
"TGO","mnths_since_SIA",0.80118884243671
"TGO","outgoing_air_passengers",0.0725307941460784
"TGO","incoming_air_passengers",0.00170731034998693
"TGO","prop_prev_rolling_12_mnths_outbreak_5M",1.288080878099e-05
"TGO","prop_prev_rolling_24_mnths_outbreak_5M",0.00237516032725825
"TGO","prop_prev_rolling_60_mnths_outbreak_5M",0.451331252624865
"TGO","cases_1M_12z",3.36745185285985e-06
"TGO","cases_1M_36z",4.15639508105388e-05
"TGO","cases_1M_60z",0.000238496068306412
"TGO","mean_temp",0.00030022137958995
"TGO","mean_precip_mm_per_day",0.00264225950660545
"TUN","birth_per_1k",0.805767948633736
"TUN","migrations_per_1k",0.806429497581514
"TUN","MCV2",0.692824572783038
"TUN","passengers_from_iso3_reporting_cases",0.33698451691272
"TUN","passengers_to_iso3_reporting_cases",0.380510172867343
"TUN","mnths_since_SIA",0.49560420516895
"TUN","outgoing_air_passengers",0.50157387493187
"TUN","incoming_air_passengers",0.142998825253703
"TUN","prop_prev_rolling_12_mnths_outbreak_5M",0.00156404658006748
"TUN","prop_prev_rolling_24_mnths_outbreak_5M",0.0493083826286713
"TUN","prop_prev_rolling_60_mnths_outbreak_5M",0.846516955146053
"TUN","mean_temp",0.590151510967162
"TUN","mean_precip_mm_per_day",0.411326392161408
"TUR","birth_per_1k",0.602493026515106
"TUR","migrations_per_1k",0.172107216989664
"TUR","MCV1",0.00128431586307078
"TUR","MCV2",0.00128914702782081
"TUR","passengers_from_iso3_reporting_cases",0.340737896355088
"TUR","passengers_to_iso3_reporting_cases",0.364265696608559
"TUR","mnths_since_outbreak_20_cuml_per_M",0.341225123242014
"TUR","outgoing_air_passengers",0.288632710622625
"TUR","incoming_air_passengers",0.138338822631411
"TUR","prop_prev_rolling_12_mnths_outbreak_5M",0.0705370036641518
"TUR","prop_prev_rolling_24_mnths_outbreak_5M",0.937968443607871
"TUR","prop_prev_rolling_60_mnths_outbreak_5M",0.0571313443699261
"TUR","cases_1M_12z",5.45195642559739e-05
"TUR","cases_1M_36z",0.000266984795715359
"TUR","cases_1M_60z",0.000537869893476755
"TUR","mean_temp",0.80171365663869
"TUR","mean_precip_mm_per_day",0.258046032089541
"UGA","birth_per_1k",0.53831000229504
"UGA","migrations_per_1k",0.0793053814731004
"UGA","MCV1",0.776852021095802
"UGA","passengers_from_iso3_reporting_cases",0.853245184997304
"UGA","passengers_to_iso3_reporting_cases",0.978118592419877
"UGA","mnths_since_SIA",0.0283923605051432
"UGA","outgoing_air_passengers",0.892709793910071
"UGA","incoming_air_passengers",0.483274978923964
"UGA","prop_prev_rolling_12_mnths_outbreak_5M",0.000357259234340023
"UGA","prop_prev_rolling_24_mnths_outbreak_5M",0.0304489082285865
"UGA","prop_prev_rolling_60_mnths_outbreak_5M",0.989052274347244
"UGA","cases_1M_12z",2.85631332688117e-05
"UGA","mean_temp",0.667728649881793
"UGA","mean_precip_mm_per_day",0.435377816659884
"UKR","birth_per_1k",1.17353697277484e-06
"UKR","migrations_per_1k",0.0574284522099261
"UKR","MCV1",0.000447243133938679
"UKR","MCV2",0.0530109285793898
"UKR","passengers_from_iso3_reporting_cases",0.323088276124915
"UKR","passengers_to_iso3_reporting_cases",0.32187925785044
"UKR","mnths_since_outbreak_20_cuml_per_M",8.68023674245196e-05
"UKR","mnths_since_outbreak_20_per_M",1.35001745441531e-08
"UKR","mnths_since_SIA",6.99346573494883e-10
"UKR","outgoing_air_passengers",0.517421008600806
"UKR","incoming_air_passengers",0.509974062694275
"UKR","prop_prev_rolling_12_mnths_outbreak_5M",1.69693145864935e-10
"UKR","prop_prev_rolling_24_mnths_outbreak_5M",3.6582734506252e-06
"UKR","prop_prev_rolling_60_mnths_outbreak_5M",0.000782300520497818
"UKR","cases_1M_12z",2.09982532123237e-05
"UKR","cases_1M_36z",2.59908828471921e-05
"UKR","mean_temp",0.892494111853563
"UKR","mean_precip_mm_per_day",0.983780169399382
"ARE","birth_per_1k",0.995576100349355
"ARE","migrations_per_1k",0.0602979001679354
"ARE","MCV1",0.53321221666986
"ARE","MCV2",0.0650220142286146
"ARE","passengers_from_iso3_reporting_cases",0.0503769750482852
"ARE","passengers_to_iso3_reporting_cases",0.0311017272949445
"ARE","mnths_since_outbreak_20_cuml_per_M",0.144486883588865
"ARE","mnths_since_SIA",0.00159113353399553
"ARE","outgoing_air_passengers",0.415603026799555
"ARE","incoming_air_passengers",0.052822615483219
"ARE","prop_prev_rolling_12_mnths_outbreak_5M",0.00059699332667384
"ARE","prop_prev_rolling_24_mnths_outbreak_5M",0.0263701794757352
"ARE","prop_prev_rolling_60_mnths_outbreak_5M",0.838216122076008
"ARE","cases_1M_12z",0.000985767019831214
"ARE","cases_1M_36z",0.000397219682878143
"ARE","mean_temp",0.778600574247475
"ARE","mean_precip_mm_per_day",0.000996571461057981
"GBR","birth_per_1k",0.690870523644963
"GBR","migrations_per_1k",0.775983006500076
"GBR","MCV2",0.962554164174166
"GBR","passengers_from_iso3_reporting_cases",0.152574244453592
"GBR","passengers_to_iso3_reporting_cases",0.151419566057735
"GBR","mnths_since_outbreak_20_cuml_per_M",0.355835491739456
"GBR","mnths_since_SIA",0.652843909152334
"GBR","outgoing_air_passengers",0.492275258114384
"GBR","incoming_air_passengers",0.409065790176762
"GBR","prop_prev_rolling_12_mnths_outbreak_5M",0.545930818076125
"GBR","prop_prev_rolling_24_mnths_outbreak_5M",0.942133326934005
"GBR","prop_prev_rolling_60_mnths_outbreak_5M",0.321841952120593
"GBR","cases_1M_12z",0.0400953338466438
"GBR","mean_temp",0.319205301934748
"GBR","mean_precip_mm_per_day",0.680506420642253
"TZA","birth_per_1k",0.670880183458212
"TZA","migrations_per_1k",0.474546998344697
"TZA","MCV1",0.811894560762082
"TZA","MCV2",0.704337748083371
"TZA","passengers_from_iso3_reporting_cases",0.0955180447417503
"TZA","passengers_to_iso3_reporting_cases",0.0798641724256852
"TZA","mnths_since_outbreak_20_cuml_per_M",0.588605732042767
"TZA","mnths_since_SIA",0.219893593016168
"TZA","outgoing_air_passengers",0.622092570718743
"TZA","incoming_air_passengers",0.589491220768109
"TZA","prop_prev_rolling_12_mnths_outbreak_5M",0.996382900325561
"TZA","prop_prev_rolling_24_mnths_outbreak_5M",0.994819930554103
"TZA","prop_prev_rolling_60_mnths_outbreak_5M",0.994728790944599
"TZA","mean_temp",0.308720128549957
"TZA","mean_precip_mm_per_day",0.146572551933846
"UZB","birth_per_1k",0.00751391168564336
"UZB","migrations_per_1k",0.0141088956030924
"UZB","MCV1",0.330586956316552
"UZB","passengers_from_iso3_reporting_cases",0.456375262351327
"UZB","passengers_to_iso3_reporting_cases",0.325378861946073
"UZB","mnths_since_outbreak_20_cuml_per_M",0.191007017187686
"UZB","mnths_since_outbreak_20_per_M",0.310152819487116
"UZB","mnths_since_SIA",0.0201687350708082
"UZB","outgoing_air_passengers",0.659633183076844
"UZB","incoming_air_passengers",0.39227671914765
"UZB","prop_prev_rolling_12_mnths_outbreak_5M",0.0179629851346183
"UZB","prop_prev_rolling_24_mnths_outbreak_5M",0.0475973634507697
"UZB","prop_prev_rolling_60_mnths_outbreak_5M",0.0305501472420179
"UZB","cases_1M_36z",0.00235443911054884
"UZB","cases_1M_60z",0.0634961429889508
"UZB","mean_temp",0.221872088240306
"UZB","mean_precip_mm_per_day",0.330684418731836
"VNM","birth_per_1k",0.171961264537791
"VNM","migrations_per_1k",0.209272855547525
"VNM","MCV1",0.493814977504802
"VNM","MCV2",0.0157298944544652
"VNM","passengers_from_iso3_reporting_cases",0.00160651700866821
"VNM","passengers_to_iso3_reporting_cases",0.00151452402159542
"VNM","mnths_since_outbreak_20_cuml_per_M",0.0139717013696495
"VNM","mnths_since_outbreak_20_per_M",0.120394372360151
"VNM","mnths_since_SIA",0.223297413029671
"VNM","outgoing_air_passengers",0.346716578125908
"VNM","incoming_air_passengers",0.250499683122344
"VNM","prop_prev_rolling_12_mnths_outbreak_5M",0.00839213886220604
"VNM","prop_prev_rolling_24_mnths_outbreak_5M",0.518711977120234
"VNM","prop_prev_rolling_60_mnths_outbreak_5M",0.243021698157084
"VNM","cases_1M_12z",2.4668768676241e-05
"VNM","cases_1M_36z",0.000328272917641279
"VNM","cases_1M_60z",0.00083939027644366
"VNM","mean_temp",0.758330079217302
"VNM","mean_precip_mm_per_day",0.0391790765307986
"YEM","birth_per_1k",0.00351527307785806
"YEM","migrations_per_1k",0.000102962036706885
"YEM","MCV1",0.541956137774515
"YEM","MCV2",9.2466257781977e-05
"YEM","passengers_from_iso3_reporting_cases",0.0288606152695355
"YEM","passengers_to_iso3_reporting_cases",0.0272253980388507
"YEM","mnths_since_outbreak_20_cuml_per_M",2.82314162522633e-05
"YEM","mnths_since_outbreak_20_per_M",1.08003497112195e-09
"YEM","mnths_since_SIA",0.00100631635382032
"YEM","outgoing_air_passengers",0.864824992707147
"YEM","incoming_air_passengers",0.865712283051463
"YEM","prop_prev_rolling_12_mnths_outbreak_5M",1.09515630807813e-12
"YEM","prop_prev_rolling_24_mnths_outbreak_5M",3.91038714648474e-10
"YEM","prop_prev_rolling_60_mnths_outbreak_5M",1.44300997393796e-06
"YEM","cases_1M_12z",0.00110612089549006
"YEM","mean_temp",0.797625052319894
"YEM","mean_precip_mm_per_day",0.223059098509241
"ZMB","birth_per_1k",0.90668571555173
"ZMB","migrations_per_1k",0.00256722063979876
"ZMB","MCV1",0.0430177748344571
"ZMB","passengers_from_iso3_reporting_cases",0.581751984019593
"ZMB","passengers_to_iso3_reporting_cases",0.712305082508029
"ZMB","mnths_since_SIA",0.342951983478751
"ZMB","outgoing_air_passengers",0.0858884366768105
"ZMB","incoming_air_passengers",0.297486837291879
"ZMB","prop_prev_rolling_12_mnths_outbreak_5M",0.0381747555897524
"ZMB","prop_prev_rolling_24_mnths_outbreak_5M",0.414946809091222
"ZMB","prop_prev_rolling_60_mnths_outbreak_5M",0.793158731237749
"ZMB","cases_1M_12z",0.000958315445271622
"ZMB","cases_1M_36z",0.000658451405970065
"ZMB","cases_1M_60z",0.00160518222554533
"ZMB","mean_temp",0.231286714577903
"ZMB","mean_precip_mm_per_day",0.0425664759507631
"ZWE","birth_per_1k",0.136188857241535
"ZWE","migrations_per_1k",0.128584552371889
"ZWE","MCV1",0.974476752418083
"ZWE","MCV2",0.233008086912279
"ZWE","passengers_from_iso3_reporting_cases",0.783334565644137
"ZWE","passengers_to_iso3_reporting_cases",0.97984905673794
"ZWE","mnths_since_SIA",0.032172910546897
"ZWE","outgoing_air_passengers",0.598333250258463
"ZWE","incoming_air_passengers",0.504804646827301
"ZWE","prop_prev_rolling_12_mnths_outbreak_5M",0.00577883746496213
"ZWE","prop_prev_rolling_24_mnths_outbreak_5M",0.0951043094485504
"ZWE","prop_prev_rolling_60_mnths_outbreak_5M",0.140045377979007
"ZWE","mean_temp",0.0502124663692109
"ZWE","mean_precip_mm_per_day",0.326571998726405
"LBY","birth_per_1k",0.00993333394683447
"LBY","migrations_per_1k",0.654411382097239
"LBY","MCV1",0.876507958418651
"LBY","MCV2",0.906934338004735
"LBY","passengers_from_iso3_reporting_cases",0.0537266789430409
"LBY","passengers_to_iso3_reporting_cases",0.0536511982853705
"LBY","mnths_since_outbreak_20_cuml_per_M",0.0433554763898779
"LBY","mnths_since_outbreak_20_per_M",0.00702284478473032
"LBY","mnths_since_SIA",0.17369415682857
"LBY","outgoing_air_passengers",0.555079217981735
"LBY","incoming_air_passengers",0.381163374587398
"LBY","prop_prev_rolling_12_mnths_outbreak_5M",0.0837072519221468
"LBY","prop_prev_rolling_24_mnths_outbreak_5M",0.91068161798772
"LBY","prop_prev_rolling_60_mnths_outbreak_5M",0.790558415095139
"LBY","cases_1M_36z",0.052589352505293
"LBY","mean_temp",0.781603207531063
"LBY","mean_precip_mm_per_day",0.844817023172707
"GNQ","birth_per_1k",0.213359596144811
"GNQ","migrations_per_1k",0.338621399377943
"GNQ","MCV1",3.02699119123944e-05
"GNQ","MCV2",1
"GNQ","passengers_from_iso3_reporting_cases",0.0445779096502484
"GNQ","passengers_to_iso3_reporting_cases",0.0377972183797423
"GNQ","mnths_since_outbreak_20_cuml_per_M",0.000858541366214617
"GNQ","mnths_since_outbreak_20_per_M",0.000835715076013809
"GNQ","mnths_since_SIA",0.486992061993659
"GNQ","outgoing_air_passengers",0.334427132748807
"GNQ","incoming_air_passengers",0.928962376138537
"GNQ","prop_prev_rolling_12_mnths_outbreak_5M",1.08512171993266e-05
"GNQ","prop_prev_rolling_24_mnths_outbreak_5M",0.146710790714168
"GNQ","prop_prev_rolling_60_mnths_outbreak_5M",0.0139228426670941
"GNQ","mean_temp",0.0117081102505678
"GNQ","mean_precip_mm_per_day",0.0226279678177107
"FJI","birth_per_1k",0.621147849727522
"FJI","MCV1",0.351901295482076
"FJI","MCV2",0.297251007569097
"FJI","passengers_from_iso3_reporting_cases",0.104962655303076
"FJI","passengers_to_iso3_reporting_cases",0.130519612650192
"FJI","outgoing_air_passengers",0.156602419234234
"FJI","incoming_air_passengers",0.43824412968401
"FJI","prop_prev_rolling_12_mnths_outbreak_5M",0.390230123377004
"FJI","prop_prev_rolling_24_mnths_outbreak_5M",0.715921049369069
"FJI","prop_prev_rolling_60_mnths_outbreak_5M",0.681893192966987
"FJI","mean_temp",0.670068549303418
"MNE","birth_per_1k",0.128037577414788
"MNE","migrations_per_1k",0.064911279922863
"MNE","MCV1",0.430789822433981
"MNE","MCV2",0.489757249194041
"MNE","passengers_from_iso3_reporting_cases",0.0156842407439881
"MNE","passengers_to_iso3_reporting_cases",0.0111230317326211
"MNE","mnths_since_outbreak_20_per_M",0.33692740574076
"MNE","mnths_since_SIA",0.697319202208626
"MNE","outgoing_air_passengers",0.802952186071356
"MNE","incoming_air_passengers",0.845831310920425
"MNE","prop_prev_rolling_12_mnths_outbreak_5M",0.120460819758689
"MNE","prop_prev_rolling_24_mnths_outbreak_5M",0.607719736727979
"MNE","prop_prev_rolling_60_mnths_outbreak_5M",0.502234571332245
"MNE","mean_temp",0.953477581820136
"TJK","birth_per_1k",0.270451901362329
"TJK","migrations_per_1k",0.190673563817656
"TJK","MCV2",0.00474051407752678
"TJK","passengers_from_iso3_reporting_cases",0.343765496673638
"TJK","passengers_to_iso3_reporting_cases",0.355038402977498
"TJK","mnths_since_outbreak_20_cuml_per_M",0.0933446370384095
"TJK","mnths_since_outbreak_20_per_M",0.262966627880924
"TJK","mnths_since_SIA",0.760869730479693
"TJK","outgoing_air_passengers",0.0460583444972956
"TJK","incoming_air_passengers",0.0724319051485928
"TJK","prop_prev_rolling_12_mnths_outbreak_5M",0.295934285593915
"TJK","prop_prev_rolling_24_mnths_outbreak_5M",0.539018266333856
"TJK","prop_prev_rolling_60_mnths_outbreak_5M",0.488613098661538
"TJK","cases_1M_36z",0.00269608418417974
"TJK","mean_temp",0.107614495435498
"TJK","mean_precip_mm_per_day",0.292138061536845
"SLB","birth_per_1k",0.409153815338007
"SLB","migrations_per_1k",0.240545009561462
"SLB","MCV1",0.270016577416251
"SLB","MCV2",1
"SLB","passengers_from_iso3_reporting_cases",0.518453215186243
"SLB","passengers_to_iso3_reporting_cases",0.573959993831644
"SLB","mnths_since_SIA",0.832368826016906
"SLB","outgoing_air_passengers",0.857165709839118
"SLB","incoming_air_passengers",0.380828552445831
"SLB","prop_prev_rolling_12_mnths_outbreak_5M",0.457504157346765
"SLB","prop_prev_rolling_24_mnths_outbreak_5M",0.0354323990212794
"SLB","prop_prev_rolling_60_mnths_outbreak_5M",0.0354323990212794
"BIH","birth_per_1k",0.843979984358502
"BIH","migrations_per_1k",0.588164123455266
"BIH","MCV1",0.00138144212123036
"BIH","MCV2",0.0021632471851458
"BIH","passengers_from_iso3_reporting_cases",4.00959934762289e-05
"BIH","passengers_to_iso3_reporting_cases",3.85609433432788e-05
"BIH","mnths_since_outbreak_20_cuml_per_M",0.0210637886882692
"BIH","mnths_since_outbreak_20_per_M",4.08084682293863e-05
"BIH","outgoing_air_passengers",0.746944150026319
"BIH","incoming_air_passengers",0.0567296161443933
"BIH","prop_prev_rolling_12_mnths_outbreak_5M",0.00279304345950446
"BIH","prop_prev_rolling_24_mnths_outbreak_5M",0.666350773153447
"BIH","prop_prev_rolling_60_mnths_outbreak_5M",0.123616548589892
"BIH","mean_temp",0.538387633757814
"BIH","mean_precip_mm_per_day",0.705334919682476
"BRA","birth_per_1k",0.930655245193293
"BRA","migrations_per_1k",0.0149116190874336
"BRA","MCV1",0.992941534468438
"BRA","MCV2",0.0238726795938726
"BRA","passengers_from_iso3_reporting_cases",0.000118087178344381
"BRA","passengers_to_iso3_reporting_cases",0.000440257508473431
"BRA","mnths_since_outbreak_20_cuml_per_M",0.0407371547158666
"BRA","mnths_since_outbreak_20_per_M",0.0103002773206399
"BRA","outgoing_air_passengers",0.785611219830301
"BRA","incoming_air_passengers",0.378843212465083
"BRA","prop_prev_rolling_12_mnths_outbreak_5M",0.000102652319816092
"BRA","prop_prev_rolling_24_mnths_outbreak_5M",0.0080409625951502
"BRA","prop_prev_rolling_60_mnths_outbreak_5M",0.995787768324131
"BRA","mean_temp",0.141429968876758
"BRA","mean_precip_mm_per_day",0.968684205664832
"IND","birth_per_1k",0.000570336998226366
"IND","migrations_per_1k",0.472148377515589
"IND","MCV1",0.00079888315771304
"IND","MCV2",4.20096222077267e-05
"IND","passengers_from_iso3_reporting_cases",0.193843270189144
"IND","passengers_to_iso3_reporting_cases",0.240620633699769
"IND","mnths_since_outbreak_20_cuml_per_M",0.0302007338615771
"IND","mnths_since_SIA",0.426993990531745
"IND","outgoing_air_passengers",0.00501786662468183
"IND","incoming_air_passengers",0.00685518412511581
"IND","prop_prev_rolling_12_mnths_outbreak_5M",0.000235949164858
"IND","prop_prev_rolling_24_mnths_outbreak_5M",0.0186241483749651
"IND","prop_prev_rolling_60_mnths_outbreak_5M",0.0904826450302864
"IND","cases_1M_12z",0.00339403550303548
"IND","mean_temp",0.0200692567529433
"IND","mean_precip_mm_per_day",0.0044608732682685
"VUT","birth_per_1k",0.242537975650357
"VUT","migrations_per_1k",0.207311747623784
"VUT","MCV1",0.465361126604475
"VUT","passengers_from_iso3_reporting_cases",0.961117863367085
"VUT","passengers_to_iso3_reporting_cases",0.660299521371455
"VUT","mnths_since_SIA",0.371643566266343
"VUT","outgoing_air_passengers",0.803037114619859
"VUT","incoming_air_passengers",0.270429403554754
"VUT","prop_prev_rolling_12_mnths_outbreak_5M",0.122355110388639
"VUT","prop_prev_rolling_24_mnths_outbreak_5M",0.12235511038864
"VUT","prop_prev_rolling_60_mnths_outbreak_5M",0.12235511038864
"VUT","mean_temp",0.168820435098724
"VEN","birth_per_1k",0.0524286146995237
"VEN","migrations_per_1k",0.000147542785170344
"VEN","MCV1",0.255316411513499
"VEN","MCV2",0.9471414921114
"VEN","passengers_from_iso3_reporting_cases",0.162680137240962
"VEN","passengers_to_iso3_reporting_cases",0.176202833053479
"VEN","mnths_since_SIA",0.0106859227344796
"VEN","outgoing_air_passengers",0.798385705318791
"VEN","incoming_air_passengers",0.443283449003811
"VEN","prop_prev_rolling_12_mnths_outbreak_5M",7.91331091857641e-05
"VEN","prop_prev_rolling_24_mnths_outbreak_5M",0.025801127445936
"VEN","prop_prev_rolling_60_mnths_outbreak_5M",0.506815502127609
"VEN","cases_1M_60z",1
"VEN","mean_temp",0.205481111275628
"VEN","mean_precip_mm_per_day",0.776256408570255
"SMR","birth_per_1k",0.212743571430632
"SMR","migrations_per_1k",0.0548860545687871
"SMR","MCV1",0.995892071397522
"SMR","MCV2",0.388977263327957
"SMR","prop_prev_rolling_12_mnths_outbreak_5M",0.0900591354738243
"SMR","prop_prev_rolling_24_mnths_outbreak_5M",0.0900591354738239
"SMR","prop_prev_rolling_60_mnths_outbreak_5M",0.0900591354738243
"SYC","birth_per_1k",0.275504465717971
"SYC","migrations_per_1k",0.241239903412479
"SYC","MCV1",0.548961821206644
"SYC","MCV2",0.667038484237438
"SYC","passengers_from_iso3_reporting_cases",0.268063199785754
"SYC","passengers_to_iso3_reporting_cases",0.263932921934803
"SYC","mnths_since_SIA",0.570078310705692
"SYC","outgoing_air_passengers",0.3334484290726
"SYC","incoming_air_passengers",0.411948919026848
"SYC","prop_prev_rolling_12_mnths_outbreak_5M",0.731689748146004
"SYC","prop_prev_rolling_24_mnths_outbreak_5M",0.731689748146001
"SYC","prop_prev_rolling_60_mnths_outbreak_5M",0.731689748146002
"SYC","mean_temp",0.310439460156989
"WSM","birth_per_1k",0.235856005264155
"WSM","MCV1",0.999613586754551
"WSM","MCV2",0.999613586754561
"WSM","outgoing_air_passengers",0.492227361751732
"WSM","incoming_air_passengers",0.78563487105343
"TON","birth_per_1k",0.999613586756103
"TON","migrations_per_1k",0.999613586756039
"TON","mnths_since_outbreak_20_cuml_per_M",0.999665356275901
"TON","mnths_since_outbreak_20_per_M",0.999665356275901
"TON","mnths_since_outbreak_2_per_M",0.999613586754561
"TON","mnths_since_SIA",0.998548313521096
"TON","prop_prev_rolling_12_mnths_outbreak_5M",0.999665356277747
"TON","prop_prev_rolling_24_mnths_outbreak_5M",0.999665356322013
"TON","prop_prev_rolling_60_mnths_outbreak_5M",0.999665356275922
